연번,구분,세부구분,시설명,시설명영문명,데이터기준일자,주소,위도,경도,지오코딩상태,재시도방법
1,숙박,관광호텔·호스텔,엠파이어관광호텔,Empire Tourist Hotel,2025-09-22,광주 광산구 월계동 878-8,35.2162369770536,126.846225156566,success,
2,숙박,관광호텔·호스텔,MGM관광호텔,MGM Tourist Hotel,2025-09-22,광주 광산구 우산동 1607-5,35.16105887264595,126.80552963032834,success,
3,체험/스포츠,공연장,북구청소년수련관,Buk-gu Youth Training Center,2025-09-22,광주 북구 문흥동 1009-1,35.1850290765256,126.916782871099,success,
4,숙박,관광호텔·호스텔,무등파크호텔,Mudeung Park Hotel,2025-09-22,광주 동구 지산동 산 63-1,35.14880237459654,126.94684085267919,success,
5,숙박,관광호텔·호스텔,벤틀리호텔,bentleyhotel,2025-09-22,광주 서구 치평동 1141-18,35.1490682986813,126.852268936662,success,
6,숙박,관광호텔·호스텔,피렌체관광호텔,Firenze Tourist Hotel,2025-09-22,광주 서구 치평동 1250-9,35.15085219702702,126.84942661235671,success,
7,숙박,관광호텔·호스텔,마스터스관광호텔,Masters Tourist Hotel,2025-09-22,광주 서구 치평동 1238-4,35.1522750174287,126.850537921119,success,
8,숙박,관광호텔·호스텔,라마다플라자 광주호텔,Ramada Plaza Gwangju Hotel,2025-09-22,광주 서구 치평동 1238-3,35.1520045938618,126.850525246063,success,
9,맛집,한식,하림가,Harimga,2025-09-22,광주 광산구 대산동 162-2,35.1333112238999,126.677072743957,success,
10,맛집,한식,동원게장백반,Dongwon Gejangbakban,2025-09-22,광주 동구 지산동 111,35.1490510412503,126.942648524609,success,
11,맛집,한식,최다연샤브샤브,Choi Da-yeon Shabu Shabu,2025-09-22,광주 서구 풍암동 1113-9,35.126186508792095,126.87839534699906,success,
12,맛집,한식,오얏리돌솥밥,Oyatri Dolsotbap,2025-09-22,광주 북구 두암동 285-20,35.1633497211582,126.934555631851,success,
13,맛집,일식,우미일식,Umiilsik,2025-09-22,울산 남구 무거동 1527-9,35.5495365639798,129.261422096249,success,
14,예술/문화,문화유산,광양 중흥산성 쌍사자 석등,Jungheung-sanseong Ssangsaja-seokdeung* (sanseong-mountain fortress;  Ssangsajaseokdeung-a pair of lion-shaped stone lan,2025-09-22,,,,not_found,
15,역사/전통,5·18/광주학생운동,광주학생독립운동발상지(광주일고),Gwangju Student Independence Movement Birthplace(Gwangju Jeil High School),2025-09-22,,,,not_found,
16,역사/전통,전통가옥/근대건축,"광주 서석초등학교 (본관, 체육관, 별관)","Gwangju Seoseok Elementary School (Main Building, Gymnasium, Separate Building)",2025-09-22,광주 동구 서석동 14-1,35.1473066148214,126.924086092036,success,korean_cleaned
17,역사/전통,전통가옥/근대건축,광주 수창초등학교본관,Main Building of Gwangju Suchang Elementary School,2025-09-22,광주 동구 대인동 7-1,35.1545581319833,126.91218355986,success,
18,예술/문화,문화유산,고씨 삼강문,Go Clan Samgang Gate,2025-09-22,광주 남구 압촌동 산 14,35.0918391779437,126.838383256348,success,
19,예술/문화,문화유산,금곡동 제철유적,Geumgok-dong Iron Making Relics,2025-09-22,광주 북구 금곡동 산 2,35.1383203259804,126.996453584917,success,
20,예술/문화,문화유산,정지장군 예장석묘,General Jeong Ji’s Yejangseokmyo(picture-inscribed stone tomb),2025-09-22,광주 북구 망월동 산 176,35.2011842947758,126.947860944973,success,
21,예술/문화,문화유산,무진고성지,Hoetteuneun Maeul,2025-09-22,광주 북구 두암동 산 152-5,35.159639480442785,126.94493501064024,success,
22,예술/문화,선비문화,월봉서원(빙월당),Wolbong Seowon-Confucian School(Bingwoldang),2025-09-22,광주 광산구 광산동 452,35.2356936425565,126.744916095926,success,
23,예술/문화,문화유산,덕림사 지장보살상과 시왕상 및 그 권속,"Deongnimsa Jijangbosalsang, Siwangsang & Attached Statues (Buddhist statues)",2025-09-22,,,,not_found,
24,예술/문화,문화유산,전라남도 회의실 신축설계도,Jeollanam-do Conference Hall New Construction Blueprint,2025-09-22,,,,not_found,
25,역사/전통,사찰/기독교,광주 북동천주교회,Gwangju Buk-dong Catholic Church,2025-09-22,광주 북구 북동 33,35.15591480358,126.911118607429,success,
26,맛집,한식,금수저은수저,Geumsujeo Eunsujeo,2025-09-22,광주 광산구 신창동 1152-4,35.1982517771453,126.842305951058,success,
27,맛집,한식,옥천면옥,Okcheon Myeonok,2025-09-22,경기 양평군 옥천면 옥천리 740-8,37.51805068009672,127.45549770638442,success,
28,맛집,한식,마한지,Mahanji,2025-09-22,광주 동구 광산동 69,35.14597088831398,126.91866954650814,success,
29,예술/문화,문화유산,전남도청 본관,Main Building of Former Jeollanam-do Government Office,2025-09-22,전남 무안군 삼향읍 남악리 1000,34.8160821479338,126.462788333373,success,korean_cleaned
30,역사/전통,전통가옥/근대건축,조선대학교 본관,Chosun University Main Building  ,2025-09-22,광주 동구 서석동 375,35.1428961032832,126.934655405933,success,
31,예술/문화,문화유산,충효동 정려비각,Chunghyo-dong Jeongryeobigak(a filial woman’s piety monument house),2025-09-22,광주 북구 충효동 440,35.1847403812907,127.001242829015,success,
32,예술/문화,문화유산,칠석동 은행나무,Chilseok-dong Ginkgo Tree,2025-09-22,광주 남구 칠석동 120,35.0688275747453,126.837319125698,success,
33,역사/전통,전통가옥/근대건축,허백련과 춘설헌,Heo Baekryeon Chunseolheon(tea field) ,2025-09-22,광주 동구 운림동 산 151,35.127424642161095,126.9667589822266,success,
34,역사/전통,전통가옥/근대건축,장덕동 근대한옥,"House at 527, Jangdeok-dong, Gwangju Metropolitan City",2025-09-22,광주 광산구 장덕동 1291-1,35.1912204033758,126.816156608703,success,
35,역사/전통,사찰/기독교,광주 구 수피아여학교 수피아홀,Speer Hall in Gwangju Old Speer Girls’ School,2025-09-22,광주 남구 양림동 251,35.1378652326102,126.9101506819,success,
36,역사/전통,사찰/기독교,광주 구 수피아여학교 윈스브로우홀,Winsborough Hall in Gwangju Old Speer Girls’ School,2025-09-22,광주 남구 양림동 242,35.1360763979804,126.909437239385,success,
37,예술/문화,문화유산,가야금 병창,Gayageum Byeongchang(Song to the Gayageum-Korean zither- play),2025-09-22,세종특별자치시 어진동 593,36.4985207965756,127.263835644462,success,
38,예술/문화,문화유산,무등산 주상절리대,Mt. Mudeung Jusangjeollidae(pillar-shaped joint cliff) ,2025-09-22,광주 동구 용연동 산 354-1,35.1188139313093,127.00226534687248,success,
39,역사/전통,5·18/광주학생운동,광주학생독립운동발상지(전남여고),Gwangju Student Independence Movement Birthplace(Chonnam Girls’ High School),2025-09-22,,,,not_found,
40,예술/문화,선비문화,포충사,Pochungsa Shrine,2025-09-22,경남 거창군 웅양면 노현리 187,35.8053441455939,127.917195420524,success,
41,역사/전통,사찰/기독교,광주 구 수피아여학교 커티스메모리얼홀,Curtis Memorial Hall in Gwangju Old Speer Girls’ School ,2025-09-22,,,,not_found,
42,예술/문화,문화유산,광주 십신사지 석비,Gwangju Sipshinsa(temple) Stone Monument ,2025-09-22,광주 북구 용봉동 1004-4,35.1832829609631,126.888511907528,success,
43,예술/문화,문화유산,광주 재명석등,Gwangju Jaemyeongseokdeung (stone lamp),2025-09-22,광주 동구 광산동 113,35.14785730421151,126.9198221445393,success,
44,예술/문화,문화유산,제봉문집 목판,A Collection of Go Gyeongmyeong (pen name Jebong)´s Works (block-book),2025-09-22,,,,not_found,
45,자연,자연,금봉산(송정공원),Geumbongsan Mountain,2025-09-22,대구 달서구 두류동 산 310-16,35.847724559289276,128.55675168356132,success,korean_cleaned
46,예술/문화,문화유산,증심사 삼층석탑,Jeungsimsa 3 Story Stone Pagoda,2025-09-22,광주 동구 운림동 56,35.1288271351465,126.97010473351,success,
47,예술/문화,문화유산,증심사 석조보살입상,Jeungsimsa Temple Seokjobosalipsang(standing stone Buddhist statue),2025-09-22,,,,not_found,
48,예술/문화,문화유산,증심사 오백전,Jeungsimsa(temple) Obackjeon Hall,2025-09-22,광주 동구 운림동 56,35.1289029133262,126.970363634517,success,
49,예술/문화,문화유산,광주 지산동 오층석탑,Gwangju Jisan-dong 5-Story Stone Pagoda,2025-09-22,광주 동구 지산동 448-4,35.1488983035786,126.933065928453,success,
50,예술/문화,문화유산,취병 조형 유허비,Cho Hyeong (pen name Chwibyeong) Monument,2025-09-22,광주 광산구 비아동 689-3,35.2209017573034,126.817253993157,success,
51,예술/문화,문화유산,포충사 고경명 문적,A Collection of Go Gyeongmyeong´s Works (block-book) in Pochungsa Shrine,2025-09-22,,,,not_found,
52,예술/문화,문화유산,회재 유집 목판(운리사),A wood carving of Park Gwangok (pen name Hoejae)'s Biography(in Unisa Shrine),2025-09-22,,,,not_found,
53,예술/문화,문화유산,사암집 목판각,A Collection of Park Sun (pen name Saam)´s Works (block-book),2025-09-22,,,,not_found,
54,예술/문화,문화유산,신용동 오층석탑,Shinyong-dong 5-Story Stone Pagoda,2025-09-22,전북특별자치도 익산시 남중동 201-5,35.9452759872652,126.952501465938,success,
55,역사/전통,사찰/기독교,오웬기념각,Owen Memorial Hall,2025-09-22,광주 남구 양림동 67-1,35.1383019701613,126.915838507872,success,
56,예술/문화,문화유산,운천사 마애여래좌상,Uncheonsa Maeyeoraejwasang(Buddhist Statue) ,2025-09-22,광주 서구 쌍촌동 903-18,35.1419607193264,126.8542130798,success,
57,예술/문화,문화유산,원효사 동부도,Wonhyosa Temple Dongbudo(Stone Stupa) ,2025-09-22,광주 북구 금곡동 809-8,35.1450437462883,126.986120437386,success,
58,예술/문화,문화유산,원효사소장 만수사 범종,Mansusa Temple Bell (colleced by Wonhyosa Temple),2025-09-22,,,,not_found,
59,예술/문화,문화유산,(전) 광주 성거사지 오층석탑,Gwangju Seonggeo-saji(temple site) 5-Story Stone Pagoda,2025-09-22,광주 남구 구동 16-2,35.1478398662527,126.907966849633,success,korean_cleaned
60,예술/문화,문화유산,광주 자운사 목조아미타래여좌상 및 복장유물,Jaunsa Mokjoamitaraeyeojwasang(wooden Buddhist statue) and Costume Relics,2025-09-22,,,,not_found,
61,예술/문화,문화유산,광산농악(상쇠),Gwangsan Farm Music(the leading gong player),2025-09-22,광주 광산구 산정동 696-1,35.1736414351556,126.790179418733,success,korean_cleaned
62,예술/문화,문화유산,남도창동편제(판소리),Dongpyeonje(a pansori-Korean style opera in Namdo area),2025-09-22,,,,not_found,
63,역사/전통,전통가옥/근대건축,광주교육대학교 본관,Gwangju National University of Education Main Building,2025-09-22,광주 북구 풍향동 1-1,35.1654787274413,126.925206370604,success,
64,예술/문화,선비문화,화담사,Hwadamsa Shrine ,2025-09-22,광주 서구 화정동 781-23,35.1538817007765,126.878340982813,success,
65,예술/문화,선비문화,환벽당 일원,Hwanbyeokdang Pavilion,2025-09-22,,,,not_found,
66,역사/전통,전통가옥/근대건축,오지호생가,Oh Jiho’s Birthplace,2025-09-22,전남 화순군 동복면 독상리 277-1,35.0692271142753,127.130409357631,success,
67,역사/전통,전통가옥/근대건축,박용철생가(용아생가),Birthplace of Park Yongcheol(pen name Yonga),2025-09-22,광주 광산구 소촌동 363-1,35.1494287087171,126.795175628086,success,
68,역사/전통,사찰/기독교,우일선 선교사사택,Missionary Wilson’s House,2025-09-22,광주 남구 양림동 226-25,35.1383640253918,126.911839948184,success,
69,예술/문화,문화유산,필장,Piljang (artisan to make a brush),2025-09-22,,,,not_found,
70,예술/문화,문화유산,화류 소목장,Wooden Furniture Master(mostly quince tree) ,2025-09-22,,,,not_found,
71,역사/전통,사찰/기독교,약사암,Gwangju Yaksaam,2025-09-22,경북 구미시 남통동 산 33-1,36.09233140964881,128.301371092582,success,
72,자연,자연,개금산,Gaegeumsan Mountain,2025-09-22,광주 서구 매월동 산 74,35.119460785015434,126.85263067159126,success,
73,예술/문화,문화유산,기대승 종가소장 문적,A Collection of Gi Daeseung(pen name Gobong)´s Works (block-book),2025-09-22,,,,not_found,
74,역사/전통,전통가옥/근대건축,전라남도 도청 회의실,Jeollanam-do Conference Hall ,2025-09-22,광주 동구 광산동 13,35.1473330749224,126.920372457357,success,
75,역사/전통,사찰/기독교,증심사,Jeungsimsa Temple,2025-09-22,광주 동구 운림동 56,35.12857735398967,126.96968900451077,success,
76,예술/문화,문화유산,광주읍성 유허,Gwangjueupseong (Castle) Site,2025-09-22,광주 동구 광산동 13,35.1467569913022,126.92158015274,success,
77,예술/문화,선비문화,만귀정,Mangwijeong Pavilion,2025-09-22,광주 서구 세하동 274-1,35.1209077520531,126.834016664237,success,
78,예술/문화,문화유산,남도판소리-한애순,Namdo Pansori (Korean traditional style opera in Namdo area),2025-09-22,,,,not_found,
79,예술/문화,문화유산,악기장,Akgijang(Korean traditional music instrument manufacturing master),2025-09-22,,,,not_found,
80,예술/문화,문화유산,판소리 춘향가 (동초제),"Pansori Chunhyangga(Dongchoje-a pansori in memorial of a chaste woman, Chunhyang)",2025-09-22,,,,not_found,
81,예술/문화,문화유산,이신의종가 소장 고문서,Lee Sinui Clan Old Documents(owned) ,2025-09-22,,,,not_found,
82,예술/문화,선비문화,병천사,Byeongcheonsa Shrine,2025-09-22,광주 서구 금호동 458,35.137802766857,126.856502822218,success,
83,예술/문화,선비문화,광주향교,Gwangju Confucian School,2025-09-22,경기 하남시 교산동 227-3,37.5217592263317,127.198321660141,success,
84,예술/문화,선비문화,지산재,Jisanjae Shrine,2025-09-22,광주 남구 양과동 715-1,35.0818866750343,126.873658343489,success,
85,예술/문화,문화유산,고봉문집 목판,A Collection of Gi Daeseung (pen name Gobong)´s Works (block-book),2025-09-22,,,,not_found,
86,예술/문화,문화유산,광주 십신사지 석불,Gwangju Sipshinsa(temple) Stone Buddhist Statue ,2025-09-22,광주 북구 용봉동 1004-4,35.1841879531066,126.888545804324,success,
87,자연,자연,석문산,Seongmunsan Mountain,2025-09-22,충남 당진시 석문면 교로리 산 27-4,37.047119139460676,126.52493900616122,success,
88,자연,자연,어등산,Mt. Eodeung,2025-09-22,광주 광산구 운수동 산 152-3,35.16867755079273,126.76092674587518,success,
89,자연,자연,용진산,Yongjinsan Mountain,2025-09-22,광주 광산구 선동 산 69,35.207216307838024,126.72947548337619,success,
90,역사/전통,5·18/광주학생운동,무등경기장정문(사적18호),Main Gate of Mudeung Sports Stadium (Historical Site No. 18),2025-09-22,,,,not_found,
91,역사/전통,5·18/광주학생운동,배고픈다리(사적13호),Baegopeun(hungry) Bridge (Historical Site No. 13),2025-09-22,전남 장흥군 대덕읍 연지리,34.5051630023038,126.921728616703,success,korean_cleaned
92,예술/문화,문화유산,양림동 호랑가시나무,Yangnim-dong Holly,2025-09-22,광주 남구 양림동 230-1,35.138053707394,126.911497932035,success,
93,예술/문화,문화유산,양송천 묘역,Yang Songcheon’s Cemetary ,2025-09-22,광주 광산구 동호동 산 32-2,35.1803316520209,126.686113128895,success,
94,예술/문화,문화유산,양씨 삼강문,Samgang Gate for the Yang Clan,2025-09-22,광주 광산구 박호동 산 131-1,35.1694624893093,126.741544615314,success,
95,예술/문화,문화유산,월계동 장고분,Wolgye-dong Ancient Tombs,2025-09-22,광주 광산구 월계동 765-5,35.2139855365462,126.842126162085,success,
96,예술/문화,문화유산,전상의장군 예장석묘,General Jeon Sangui’s Yejangseokmyo(picture-inscribed stone tomb),2025-09-22,광주 북구 화암동 239,35.1468836534096,126.959176839296,success,
97,예술/문화,문화유산,광산노씨 분묘출토 명기류,Exquisite Vessels excavated from Gwangsan Noh Clan’s cemetary,2025-09-22,,,,not_found,
98,역사/전통,전통가옥/근대건축,최승효 가옥,Choi Seunghyo’s House ,2025-09-22,광주 남구 양림동 166-19,35.1414301224313,126.913877663557,success,
99,예술/문화,문화유산,입석마을 입석,Menhir in Ibseok-maeul,2025-09-22,부산 기장군 철마면 송정리 146,35.3110004451041,129.118139395479,success,
100,예술/문화,문화유산,필문 이선제 부조묘,Pilmun (pen name) Yi Seonjae's Shrine,2025-09-22,광주 남구 원산동 535-1,35.0931247538275,126.845469625107,success,
101,예술/문화,문화유산,판소리고법,Pansori Gobeop(Drum Playing Method to Pansori-a Korean traditional-style opera),2025-09-22,광주 북구 우산동 518-94,35.1670652284389,126.91706790866,success,
102,역사/전통,5·18/광주학생운동,광주MBC옛터(사적7호),Old Site of Gwangju MBC (Historical Site No. 7),2025-09-22,광주 동구 궁동 18-1,35.15054896993667,126.92012788655595,success,korean_cleaned
103,역사/전통,5·18/광주학생운동,광주YMCA(사적5-4호),Old Site of Gwangju YMCA (Historical Site No. 5-4),2025-09-22,광주 동구 금남로1가 19-4,35.14792931032401,126.91831862154294,success,korean_cleaned
104,역사/전통,5·18/광주학생운동,광주YWCA옛터(사적6호),Old Site of Gwangju YWCA (Historical Site No. 6),2025-09-22,광주 동구 대의동 75-1,35.1487994557947,126.918812689458,success,korean_cleaned
105,역사/전통,5·18/광주학생운동,구 광주적십자병원(사적11호),Former Gwangju Red Cross Hospital (Historical Site No.11),2025-09-22,,,,not_found,
106,역사/전통,5·18/광주학생운동,상무관(사적5-3호),Sangmugwan (Historical Site No. 5-3) ,2025-09-22,대전 중구 선화동 287-1,36.327863019494,127.420295330028,success,korean_cleaned
107,역사/전통,5·18/광주학생운동,상무대옛터(사적17호),Old Site of Sangmudae (Historical Site No. 17),2025-09-22,,,,not_found,
108,역사/전통,5·18/광주학생운동,양동시장(사적19호),Yangdong Market (Historical Site No. 19),2025-09-22,광주 서구 양동 5-101,35.1545376720738,126.901960377722,success,korean_cleaned
109,역사/전통,5·18/광주학생운동,옛 상무대 영창,Former Sangmudae Guardhouse (Sangmudae-military training facility),2025-09-22,,,,not_found,
110,역사/전통,5·18/광주학생운동,전남대병원(사적9호),Chonnam National University Hospital (Historical Site No.9),2025-09-22,광주 동구 학동 8,35.14181571534401,126.9215629456366,success,korean_cleaned
111,역사/전통,5·18/광주학생운동,전남대학교 정문(사적1호),Chonnam National University  (Historical Site No. 1),2025-09-22,광주 북구 용봉동 300,35.17596181776418,126.9085652963471,success,korean_cleaned
112,역사/전통,5·18/광주학생운동,조선대학교(사적12호),Chosun Univesity (Historical Site No. 12),2025-09-22,광주 동구 서석동 산 57-1,35.142732084451595,126.93470930672062,success,korean_cleaned
113,역사/전통,5·18/광주학생운동,주남마을 인근 양민학살지(사적14호),Junam Village Neighboring People Massacred Place (Historical Site No. 14),2025-09-22,,,,not_found,
114,역사/전통,5·18/광주학생운동,광주학생독립운동기념관,Gwangju Student Independence Movement Memorial Hall,2025-09-22,광주 서구 화정동 512,35.1406788755767,126.865012919534,success,
115,예술/문화,선비문화,경열사,Geongyeolsa Shrine,2025-09-22,광주 북구 망월동 산 176,35.2004523372881,126.947725246273,success,
116,예술/문화,선비문화,충민사,Chungminsa Shrine,2025-09-22,광주 북구 화암동 산 133,35.1515341735746,126.969754023256,success,
117,예술/문화,선비문화,충장사,Chungjangsa Shrine,2025-09-22,광주 북구 금곡동 1023,35.162693197464755,126.97919701421328,success,
118,예술/문화,선비문화,취가정,Chwigajeong Pavilion,2025-09-22,광주 북구 충효동 396-1,35.1845744314049,127.00508548789,success,
119,예술/문화,선비문화,풍암정,Pungam Pavilion,2025-09-22,광주 북구 금곡동 718,35.1604792525149,126.99322134967,success,
120,거리,이색거리,서창향토마을,Seochang Folk Village,2025-09-22,광주 서구 세하동 559-1,35.1152164394713,126.830044010515,success,
121,거리,이색거리,시화문화마을,Sihwa Culture Village,2025-09-22,광주 북구 각화동 136,35.1799047523171,126.939355296684,success,
122,거리,이색거리,정율성거리,Jeong Yulseong Street,2025-09-22,,,,not_found,
123,역사/전통,5·18/광주학생운동,구 국군광주병원(사적23호),Former Armed Forces Gwangju Hospital (Historical Site No. 23),2025-09-22,,,,not_found,
124,예술/문화,선비문화,만취정,Manchwijeong Pavilion ,2025-09-22,전북특별자치도 임실군 삼계면 산수리 234,35.4798422550147,127.27918891234879,success,
125,예술/문화,선비문화,무양서원,Muyang Seowon Confucian School,2025-09-22,광주 광산구 월계동 535-2,35.21022874403847,126.84009398987908,success,
126,예술/문화,선비문화,부용정,Buyongjeong Pavilion,2025-09-22,서울 종로구 와룡동 2-71,37.5815499807059,126.992980802723,success,
127,예술/문화,선비문화,양과동정,Yanggwadongjeong Pavilion,2025-09-22,광주 남구 이장동 166-1,35.0865626291197,126.863356371981,success,
128,예술/문화,선비문화,용진정사,Yongjinjeongsa Shrine,2025-09-22,광주 광산구 왕동 3-1,35.1991913698562,126.724579331212,success,
129,예술/문화,선비문화,풍영정,Pungyeongjeong Pavilion,2025-09-22,광주 광산구 신창동 852,35.1793111077782,126.838495740641,success,
130,예술/문화,선비문화,호가정,Hogajeong Pavilion,2025-09-22,광주 광산구 본덕동 1,35.0824146271088,126.787119296064,success,
131,역사/전통,전통가옥/근대건축,고원희 가옥,Go Wonhui’s House,2025-09-22,광주 남구 압촌동 99,35.092247889527,126.839356286624,success,
132,역사/전통,전통가옥/근대건축,김봉호 가옥,Kim Bongho’s House,2025-09-22,광주 광산구 하남동 71,35.177839210105,126.801506817661,success,
133,예술/문화,문화유산,고내상성지,Gonaesangseongji (castle site),2025-09-22,광주 광산구 송정동 250-4,35.134541305280614,126.8024546296416,success,
134,예술/문화,문화유산,김봉선 유품,Kim Bongseon’s Remaining Articles,2025-09-22,,,,not_found,
135,예술/문화,문화유산,눌재집 목판각,A Collection of Park Sang(pen name Nuljae)´s Works (block-book),2025-09-22,,,,not_found,
136,예술/문화,문화유산,분청사기 전라도 (全羅道) 명항아리,Buncheongsagi (grayish-blue-powdered celadon) in Jeolla-do,2025-09-22,,,,not_found,
137,예술/문화,문화유산,삼거동 고인돌군,Dolmen Cluster at Samgeo-dong,2025-09-22,,,,not_found,
138,예술/문화,문화유산,석아정ㆍ오방정 현판,Tablet in SeonkajeongㆍObangjeong Pavilion,2025-09-22,,,,not_found,
139,예술/문화,문화유산,수완동 왕버들,Suwan-dong Willow,2025-09-22,광주 광산구 수완동 801-31,35.20509994386298,126.82131861471002,success,
140,예술/문화,문화유산,양과동계 고문서,Ancient Document of Yanggwadonggye,2025-09-22,,,,not_found,
141,예술/문화,문화유산,용두동 지석묘,Yongdudong Dolmen(Tomb),2025-09-22,서울 성북구 종암동 29-26,37.5905918510016,127.031889126282,success,
142,예술/문화,문화유산,용진산 마애여래좌상,Maeyeoraejwasang(Buddhist Statue) in Mt. Yongjin,2025-09-22,,,,not_found,
143,예술/문화,문화유산,운림동 석실고분,Ullim-dong Ancient Stone Tomb ,2025-09-22,광주 동구 운림동 산 18,35.133867863659525,126.9493204080594,success,
144,예술/문화,문화유산,유촌동 석조여래좌상,Yuchon-dong Seokjojoyeoraejwasang (Stone Buddhist Statue),2025-09-22,광주 서구 유촌동 497-1,35.1652309052488,126.851807243582,success,
145,역사/전통,전통가옥/근대건축,김용학 가옥,Kim Yonghak’s House,2025-09-22,광주 북구 매곡동 313-1,35.190381759328574,126.8882145404995,success,
146,역사/전통,전통가옥/근대건축,이장우 가옥,Lee Jangwoo’s House,2025-09-22,광주 남구 양림동 128,35.1403993876667,126.91447568549,success,
147,예술/문화,문화유산,강진김해김씨가 상여,Kimhae Kim Clan Bier in Gangjin,2025-09-22,,,,not_found,
148,예술/문화,문화유산,괘고정수,Gwaegojeongsu (old willow tree),2025-09-22,광주 남구 원산동 579-3,35.0921655300135,126.848191156285,success,
149,예술/문화,문화유산,명화동 장고분,Myeonghwa-dong Ancient Tombs,2025-09-22,광주 광산구 명화동 170-5,35.1261112379993,126.723781130312,success,
150,예술/문화,문화유산,범세동 선생묘,Beom Saedong’s Cemetary,2025-09-22,광주 광산구 덕림동 산 94-1,35.1747175642402,126.679056320321,success,
151,역사/전통,전통가옥/근대건축,전남대학교 인문대 1호관,"Hall 1, College of Liberal Arts, Chonnam National University",2025-09-22,,,,not_found,
152,공원,도시근린공원,양산호수공원,Yangsan Reservoir,2025-09-22,광주 북구 양산동 288-3,35.2034325397424,126.872771957976,success,
153,예술/문화,박물관,어린이생태학습도서관,Children Ecology Study Library,2025-09-22,광주 서구 풍암동 산 14-50,35.12967818900524,126.88183525505188,success,
154,역사/전통,5·18/광주학생운동,역사상징의 거리,Street of Historical Symbol,2025-09-22,,,,not_found,
155,공원,도시근린공원,평화공원,Pyeonghwa Park,2025-09-22,부산 남구 대연동 706-5,35.12580071669106,129.1003060521524,success,
156,역사/전통,5·18/광주학생운동,광목간양민학살지(사적15호),Massacred Site of Innocent People between Gwangju and Mokpo (Historical Site No. 15),2025-09-22,,,,not_found,
157,역사/전통,5·18/광주학생운동,광주공원광장-시민군편성지(사적20호),Gwangju Park Plaza - Civilian Guard Organized Site(Historical Site No. 20),2025-09-22,,,,not_found,
158,역사/전통,5·18/광주학생운동,광주교도소(사적22호),Korea Correctional Service in Gwangju (Historical Site No. 22),2025-09-22,,,,not_found,
159,역사/전통,5·18/광주학생운동,광주기독병원(사적10호),Gwangju Christian Hospital(Historical Site No.10),2025-09-22,광주 남구 양림동 264,35.13668038022085,126.91197782339566,success,korean_cleaned
160,역사/전통,5·18/광주학생운동,광주역광장(사적2호),Gwangju Station Plaza(Historical Site No.2),2025-09-22,광주 북구 용봉동 300,35.177023980354704,126.9066791822765,success,korean_cleaned
161,역사/전통,5·18/광주학생운동,광주학생독립운동기념탑,Gwangju Student Independence Movement Monument,2025-09-22,광주 북구 누문동 144,35.153064815279,126.90884333977,success,
162,체험/스포츠,유원지,송산근린공원,Songsan Recreation Area,2025-09-22,광주 광산구 송산동 195,35.1586742359363,126.73614366915,success,
163,공원,도시근린공원,쌍암공원,Ssangam Park,2025-09-22,광주 광산구 쌍암동 653-1,35.2237398050094,126.843407812975,success,
164,공원,도시근린공원,금남로공원,Geumnam Park,2025-09-22,광주 동구 금남로3가,35.1497958694808,126.91545793681,success,
165,역사/전통,5·18/광주학생운동,금남로일대(사적4호),Geumnam-ro Area (May 18 Democratic Movement Historical Site No. 4),2025-09-22,광주 동구 운림동 947-1,35.1319724714083,126.936318706237,success,korean_cleaned
166,역사/전통,5·18/광주학생운동,남동성당(사적25호),Nam-dong Catholic Church (Historical Site No. 25),2025-09-22,광주 동구 남동 55,35.1443517095038,126.92088892684,success,korean_cleaned
167,역사/전통,5·18/광주학생운동,녹두서점옛터(사적8호),Old Site of Nokdu Book Store (Historical Site No. 8),2025-09-22,광주 동구 대의동 91,35.1500082136358,126.92160007988,success,korean_cleaned
168,예술/문화,문화유산,고운묘 출토유물,Go Un’s Cemetary Relics (excabated) ,2025-09-22,,,,not_found,
169,예술/문화,문화유산,김덕령장군 의복,General Kim Deok Ryeong's Garments ,2025-09-22,,,,not_found,
170,예술/문화,문화유산,장흥임씨묘 출토복식,Dressing excabated from Jangheung Lim Clan cemetary,2025-09-22,,,,not_found,
171,역사/전통,사찰/기독교,무각사,Mugaksa Temple ,2025-09-22,광주 서구 쌍촌동 1268-1,35.153780614779386,126.85601821881613,success,
172,자연,자연,백마산,Baekmasan Mountain,2025-09-22,경기 광주시 초월읍 쌍동리 산 30,37.36846924939673,127.27747219628337,success,
173,자연,자연,백석산,Baekseoksan Mountain,2025-09-22,광주 서구 쌍촌동,35.1447678323549,126.852948296732,success,
174,예술/문화,문화유산,광주약사암 석조여래좌상,Gwangju Yaksaam Seokjoyeoraejwasang(seated stone Buddha statue),2025-09-22,,,,not_found,
175,예술/문화,문화유산,원효사 출토유물,Wonhyosa Temple Relics (excavated) ,2025-09-22,광주 북구 금곡동 846,35.1484219885755,126.985597493095,success,
176,자연,자연,복룡산,Bokryongsan Mountain,2025-09-22,광주 광산구 용곡동 산 47,35.14263594171688,126.73635784342034,success,
177,예술/문화,문화유산,증심사 철조비로자나불좌상,Jeungsimsa Cheoljobirosanabuljwasang(Ironed Buddhist Statue),2025-09-22,,,,not_found,
178,예술/문화,문화유산,광주 신창동유적,"The Historic Site of Sinchang-dong, Gwangju",2025-09-22,광주 광산구 신창동 512-1,35.19471944847361,126.84872312547178,success,
179,예술/문화,문화유산,광주 충효동 도요지,Chunghyo-dong Pottery Kiln Site,2025-09-22,광주 북구 금곡동 157,35.167427105994,126.998313974671,success,
180,예술/문화,문화유산,노인 금계일기,Geumgye-ilgi(diary written by Noh In) ,2025-09-22,,,,not_found,
181,예술/문화,문화유산,정지장군 환삼,General Jeong Ji’s Armor,2025-09-22,,,,not_found,
182,체험/스포츠,스포츠/기타,빛고을청소년수련원,Bitgoeul Youth Training Center,2025-09-22,광주 서구 화정동 504-8,35.1418071850731,126.868109910144,success,
183,거리,이색거리,뽕뽕거리,Ppongppong Street,2025-09-22,,,,not_found,
184,체험/스포츠,스포츠/기타,서구국민체육센터,Seo-gu National Athletic Center,2025-09-22,인천 서구 검암동 496,37.56623375088638,126.67796449371862,success,
185,체험/스포츠,스포츠/기타,빛고을 노인건강타운,Bitgoeul Silver Town,2025-09-22,광주 남구 노대동 587,35.09977546422822,126.89673299693361,success,
186,역사/전통,5·18/광주학생운동,구 시외버스공용터미널일대(사적3호),Area of Former Gwangju Bus Terminal (Historical Site No. 3),2025-09-22,,,,not_found,
187,역사/전통,5·18/광주학생운동,구 전남도청(사적5-1호),Main Building of Former Jeollanam-do Government Office ,2025-09-22,광주 동구 광산동 13,35.1469216316129,126.919731978296,success,korean_cleaned
188,역사/전통,5·18/광주학생운동,국립 5·18민주묘지,National 5.18 Democratic Cemetery,2025-09-22,광주 북구 운정동 563,35.236084409473506,126.93969582266139,success,
189,역사/전통,5·18/광주학생운동,군사법정,Military Court,2025-09-22,,,,not_found,
190,역사/전통,5·18/광주학생운동,농성광장격전지(사적16호),Nongseong Plaza Ferocious Battlefield (Historical Site No. 16) ,2025-09-22,,,,not_found,
191,역사/전통,5·18/광주학생운동,5·18민주광장(사적5-2호),May 18 Democratic Plaza (Historical Site No. 5-2),2025-09-22,광주 동구 금남로1가 12-7,35.1474913380556,126.919801652795,success,korean_cleaned
192,역사/전통,5·18/광주학생운동,5·18최초발포지-광주고교앞(사적21호),May 18 First Shooting Site - Front of Gwangju high school (Historical Site No. 21),2025-09-22,,,,not_found,
193,역사/전통,5·18/광주학생운동,505보안부대옛터(사적26호),Old Site of 505 Security Unit (Historical Site No. 26),2025-09-22,,,,not_found,
194,공원,도시근린공원,광주공원,Gwangju Park,2025-09-22,광주 남구 구동 21-1,35.1468492839529,126.90917948991,success,
195,자연,자연,광주천,Gwangju Stream,2025-09-22,광주 서구 동천동 338,35.16830105217562,126.8642164724057,success,
196,체험/스포츠,공연장,서구문화센터,Seo-gu Culture Center,2025-09-22,광주 서구 금호동 789,35.130759590531255,126.8604222346809,success,
197,체험/스포츠,스포츠/기타,염주체육관,Yeomju Gymnasium ,2025-09-22,광주 서구 풍암동 423-2,35.13539260200561,126.8788644463333,success,
198,체험/스포츠,유원지,우치공원,Uchi Park,2025-09-22,광주 북구 생용동 산 127-2,35.2230679506424,126.891695666587,success,
199,공원,도시근린공원,운천호수,Uncheon Reservoir,2025-09-22,광주 서구 쌍촌동 869-9,35.14809509172891,126.85472231359499,success,
200,공원,도시근린공원,청풍쉼터,Cheongpungswimteo (park),2025-09-22,광주 북구 청풍동 209-5,35.1617860455474,126.962589506512,success,
201,공원,도시근린공원,푸른길공원,Pureun-gil Park,2025-09-22,광주 동구 계림동 730,35.1639948440069,126.916547457883,success,
202,공원,도시근린공원,풍암생활체육공원,Pungam Athletic Park,2025-09-22,광주 서구 풍암동 32-26,35.12972404596778,126.88264709148802,success,
203,역사/전통,사찰/기독교,원각사,Wongaksa Temple,2025-09-22,광주 동구 금남로4가 51,35.1509103200076,126.915987950154,success,
204,역사/전통,사찰/기독교,원효사,Wonhyosa Temple,2025-09-22,광주 북구 금곡동 846,35.14851210740412,126.98545261795167,success,
205,자연,자연,짚봉산,Jipbongsan Mountain,2025-09-22,광주 서구 풍암동 산 236-23,35.13751308934528,126.88396361208294,success,
206,역사/전통,5·18/광주학생운동,5·18구묘지(사적24호),May 18 Old Cemetery (Historical Site No. 24),2025-09-22,,,,not_found,
207,역사/전통,5·18/광주학생운동,5·18기념공원,5.18 Memorial Park,2025-09-22,광주 서구 쌍촌동 1268,35.1562739086397,126.856891843429,success,
208,역사/전통,5·18/광주학생운동,5·18자유공원,5.18 Liberty Park,2025-09-22,광주 서구 치평동 1161-6,35.148249240772955,126.83972258742641,success,
209,예술/문화,박물관,광주교육대학교 교육박물관,Gwangju National University of Education Museum,2025-09-22,광주 북구 풍향동 1-1,35.1658703530002,126.928924855396,success,
210,예술/문화,미술관,광주시립미술관,Gwangju Museum of Art ,2025-09-22,광주 북구 운암동 산 42-3,35.18336009869683,126.88568803886822,success,
211,예술/문화,미술관,무등갤러리,Mudeung Gallery,2025-09-22,광주 동구 궁동 51-25,35.15015559340997,126.91820226308482,success,
212,체험/스포츠,공연장,광주예술의전당,Gwangju Culture & Art Center,2025-09-22,광주 북구 운암동 328-16,35.1781095828805,126.881348040256,success,
213,공원,도시근린공원,풍암호수,Pungam Reservoir,2025-09-22,광주 서구 풍암동 460,35.127874007073146,126.86985598559879,success,
214,쇼핑,전통시장,남광주시장,Namgwangju Market,2025-09-22,광주 동구 학동 55,35.1392574687151,126.921284492337,success,
215,예술/문화,전통문화,월봉서원 체험,Wolbongseowon Confucian Academy,2025-09-22,전남 장성군 남면 마령리 516-4,35.2432905191566,126.773638454391,success,
216,예술/문화,박물관,광주역사민속박물관,Gwangju Folk Museum,2025-09-22,광주 북구 용봉동 1004-4,35.1841302664296,126.888545883082,success,
217,체험/스포츠,공연장,궁동예술극장,Gungdong Art Theatre,2025-09-22,광주 동구 궁동 51-25,35.1501799412466,126.91821870033,success,
218,예술/문화,박물관,국립광주박물관,Gwangju National Museum,2025-09-22,광주 북구 매곡동 산 83-3,35.18883897892572,126.88285092356368,success,
219,예술/문화,박물관,전남대학교 박물관,Chonnam National University Museum ,2025-09-22,광주 북구 용봉동 300,35.17534083926061,126.9110623402753,success,
220,예술/문화,미술관,우제길 미술관,U Jegil Art Gallery(Studio),2025-09-22,광주 동구 운림동 647,35.1318135641328,126.943024882074,success,
221,예술/문화,미술관,의재미술관,Uijae Art Gallery,2025-09-22,광주 동구 운림동 85-1,35.1293889058934,126.967462562062,success,
222,예술/문화,미술관,하정웅미술관,Gwangju Museum of Art Annex Ha Jeong-ung,2025-09-22,전남 영암군 군서면 서구림리 379-1,34.7609015385302,126.621920165284,success,
223,예술/문화,미술관,자미갤러리,Jami Gallery,2025-09-22,광주 북구 중흥동 828,35.17289197541293,126.91372594285077,success,
224,예술/문화,미술관,일곡갤러리,Ilgok Gallery,2025-09-22,광주 북구 운암동 산 42-3,35.18336009869683,126.88568803886822,success,
225,예술/문화,미술관,오지호기념관,Oh Jiho Memorial Hall,2025-09-22,전남 화순군 동복면 독상리 432,35.0680295078378,127.130951237045,success,
226,예술/문화,미술관,조선대미술관,Chosun University Art Center,2025-09-22,광주 동구 서석동 416-1,35.14391230756853,126.9304604965085,success,
227,예술/문화,미술관,무등현대미술관,Mudeung Hyundai Art Museum,2025-09-22,광주 동구 운림동 331-6,35.1341760901087,126.953727774543,success,
228,예술/문화,미술관,신세계갤러리,Shinsegae Gallery,2025-09-22,서울 강남구 청담동 89,37.5258745791814,127.041961684921,success,
229,체험/스포츠,공연장,국립아시아문화전당,Asia Culture Center,2025-09-22,광주 동구 광산동 13,35.147333715652636,126.92135353457694,success,
230,체험/스포츠,공연장,빛고을국악전수관,Bitgoeul Korea Traditional Classical Music Instruction Hall,2025-09-22,광주 서구 금호동 790,35.1319622049321,126.859811239012,success,
231,체험/스포츠,공연장,빛고을시민문화관,Bitgoeul Citizen Culture Hall,2025-09-22,광주 남구 구동 12,35.147984621924,126.90867780907,success,
232,역사/전통,전통가옥/근대건축,양림동역사문화마을,Yangnim-dong Modern History Culture Village,2025-09-22,광주 남구 양림동 202-23,35.14233532887371,126.91549747442079,success,
233,예술/문화,전통문화,빛고을공예창작촌,Daechon Folk Culture Hall,2025-09-22,광주 남구 양과동 893-2,35.0857904815729,126.866072784119,success,
234,예술/문화,전통문화,무등도요,Mudeung Pottery Site,2025-09-22,,,,not_found,
235,예술/문화,전통문화,광주도예문화센터,Gwangju Ceramic Culture Center,2025-09-22,광주 남구 압촌동 56,35.0947651533476,126.839842669778,success,
236,쇼핑,전통시장,말바우시장,Malbau Market,2025-09-22,광주 북구 우산동 190-2,35.17251663215537,126.92249948350228,success,
237,쇼핑,전통시장,무등시장,Mudeung Market,2025-09-22,광주 남구 주월동 974-107,35.1361869054739,126.894505701981,success,
238,쇼핑,전통시장,송정5일장,Songjeong Market(five-day interval) ,2025-09-22,경북 구미시 오태동 757-2,36.0695741294643,128.352052827564,success,
239,거리,이색거리,예술의 거리,Gwangju Art Street,2025-09-22,광주 동구 궁동 52-2,35.1496504134382,126.918921587626,success,
240,거리,음식의 거리,대인시장회타운,Hoetown (Sliced Raw Fish) Street of Daein Market,2025-09-22,광주 북구 우산동 173-6,35.1730674888999,126.919923643507,success,
241,거리,음식의 거리,아시아음식문화거리,Asian Food Culture Street,2025-09-22,,,,not_found,
242,거리,이색거리,통기타 라이브 카페거리,Acoustic guitar live cafe street.,2025-09-22,광주 남구 사동 121-1,35.142659865565,126.914280189258,success,
243,자연,자연,무등산 국립공원,Mudeungsan Mountain,2025-09-22,광주 북구 금곡동 산 1-3,35.133137163805486,126.99046193302027,success,
244,공원,도시근린공원,사직공원,Sajik Park,2025-09-22,서울 종로구 사직동 1-28,37.5758369436475,126.967234174031,success,
245,체험/스포츠,스포츠/기타,광주월드컵경기장,Gwangju World Cup Stadium ,2025-09-22,광주 서구 풍암동 423-2,35.13368228982632,126.87489504742325,success,
246,공원,도시근린공원,중외공원,Jungoe Park ,2025-09-22,광주 북구 운암동 산 35-6,35.18014632741224,126.88287108215373,success,
247,거리,음식의 거리,송정떡갈비거리,Songjeong Tteokgalbi like being melted in the mouth * Tteokgalbi: Marinated Beef Ribs,2025-09-22,광주 광산구 송정동 830-4,35.1394911553451,126.79460798392,success,
248,거리,음식의 거리,유동오리탕거리,"Duck Stew, Good for Our Body and Taste ",2025-09-22,,,,not_found,
249,맛집,한식,어머니의 손맛 광주김치 ,Gwangju Kimchi Keeping the Handy Taste of Mother,2025-09-22,,,,not_found,
250,거리,음식의 거리,무등산보리밥거리,Mt. Mudeung Boribab (boiled barley) in Search for Natural Taste,2025-09-22,광주 동구 지산동 691-67,35.1492143011728,126.944834486506,success,
251,예술/문화,전통문화,광주전통문화관,Traditional Culture Center,2025-09-22,광주 동구 운림동 323,35.1335734506445,126.952363176196,success,
252,예술/문화,미술관,한희원미술관,Han Hee-won Museum of Art,2025-09-22,광주 남구 양림동 166-10,35.14106251807538,126.91409093049178,success,
253,자연,자연,용추계곡,Yongchu Valley,2025-09-22,경기 가평군 가평읍 승안리 산 223,37.85987297412031,127.47917955164392,success,
254,공원,도시근린공원,조선대학교 장미원,Chosun University Rose Garden,2025-09-22,광주 동구 서석동 300,35.14164009441866,126.92911271786325,success,
255,예술/문화,전통문화,평촌도예공방,Pyeongchon Ceramics Workshop,2025-09-22,광주 북구 충효동 270-3,35.1793572079643,127.008229356912,success,
256,예술/문화,전통문화,얼쑤,Eolssu,2025-09-22,대전 동구 가양동 423-9,36.3497843646593,127.443415507944,success,
257,예술/문화,박물관,전남대박물관 공룡전시실,Chonnam National University Dinosaur Museum,2025-09-22,,,,not_found,
258,체험/스포츠,체험장,기아자동차,Kia Motors,2025-09-22,서울 강남구 압구정동 518,37.527530284368524,127.0428982070538,success,
259,맛집,양식,알랭,Alain,2025-09-22,광주 북구 용봉동 161-43,35.1748592485056,126.913180467323,success,
260,체험/스포츠,체험장,광주 콩종합센터,Gwangju Bean Center ,2025-09-22,광주 남구 압촌동 101-1,35.0923911236919,126.838614660309,success,
261,맛집,한식,홍아네,Hongane,2025-09-22,광주 서구 치평동 245-4,35.14662421814818,126.85260476596521,success,
262,예술/문화,문화유산,충효동 왕버들군,Chunghyo-dong Willow,2025-09-22,,,,not_found,
263,체험/스포츠,체험장,아시아 문화전당 어린이체험관,Asia Culture Center: Culture Adventure of ACC Children,2025-09-22,광주 동구 광산동 113,35.1457308059165,126.919540008468,success,
264,체험/스포츠,체험장,광주김치타운,Kimchitown,2025-09-22,광주 남구 임암동 675,35.1092631516171,126.867021596437,success,
265,숙박,캠핑장,광주 시민의 숲 야영장,Citizen's Forest Campground ,2025-09-22,광주 북구 월출동 968,35.23696216197187,126.86883714160008,success,
266,체험/스포츠,유원지,지산유원지,Jisan Recreation Area,2025-09-22,광주 동구 지산동 산 56-1,35.149400046218545,126.94910117072787,success,
267,숙박,캠핑장,승촌보 캠핑장,Seungchonbo Campground ,2025-09-22,광주 남구 승촌동 598,35.06384347624915,126.75590157416224,success,
268,숙박,캠핑장,제 2 수원지 캠핑장,Second Reservoir Campground,2025-09-22,,,,not_found,
269,숙박,캠핑장,본량 학생야영장,Bonlyang Campsite,2025-09-22,광주 광산구 양산동 158,35.1959836668618,126.682332734771,success,
270,숙박,캠핑장,청풍학생야영장,Cheongpung Campsite,2025-09-22,광주 북구 청풍동 498,35.172003765142136,126.96534782373871,success,
271,공원,도시근린공원,수완호수공원,Suwan Lake Park ,2025-09-22,광주 광산구 장덕동,35.1894670136085,126.820187901886,success,
272,거리,이색거리,금남로,Geumnamno Street,2025-09-22,광주 북구 북동 161,35.15496435702583,126.90814759797162,success,
273,예술/문화,박물관,백범기념관,Kim Koo Museum and Library,2025-09-22,서울 용산구 효창동 255,37.5444798383171,126.959458190692,success,
274,예술/문화,미술관,소촌아트팩토리,Sochon Art Factory ,2025-09-22,광주 광산구 소촌동 845,35.1523670870122,126.790923258347,success,
275,체험/스포츠,공연장,김대중컨벤션센터,Kim Dae-jung Convention Center,2025-09-22,광주 서구 치평동 1159-2,35.147045213925814,126.8405501910604,success,
276,자연,자연,광주호 호수생태원,Gwangjuho Lake Eco Park,2025-09-22,광주 북구 충효동 908,35.18497113386613,127.00046112160928,success,
277,체험/스포츠,체험장,남도향토음식박물관,Namdo Traditional Food Museum,2025-09-22,광주 북구 삼각동 779-2,35.2019210452531,126.898633219664,success,
278,체험/스포츠,스포츠/기타,광주실내빙상장,Gwangju Indoor Ice Rink,2025-09-22,광주 서구 풍암동 423-2,35.13393145603706,126.8806441104071,success,
279,거리,이색거리,충장로,Chungjang-ro ,2025-09-22,경기 고양시 덕양구 행신동 941,37.62520472467372,126.83614193280738,success,
280,예술/문화,전통문화,청공소리 한옥체험장,Cheonggongsori Hanok Experience,2025-09-22,,,,not_found,
281,예술/문화,미술관,양림미술관,Yangrim Art Museum,2025-09-22,광주 남구 양림동 108-1,35.140581994661,126.9126934601,success,
282,맛집,한식,낙지마을,Nakji Maeul,2025-09-22,광주 서구 쌍촌동 964-13,35.1516761247499,126.862382804551,success,
283,맛집,한식,행랑채,Hengnangchae,2025-09-22,광주 북구 일곡동 859-10,35.2105359432835,126.892112075216,success,
284,거리,이색거리,동명동 카페거리,Dongmyeong-dong Cafe Street ,2025-09-22,광주 동구 동명동 292,35.1493799198158,126.924365108666,success,
285,숙박,관광호텔·호스텔,호텔무등파크,Hotel Mudeung Park,2025-09-22,광주 동구 지산동 산 63-1,35.14880237459654,126.94684085267919,success,
286,숙박,외국인도시민박업,그린게스트하우스,Green Guesthouse,2025-09-22,제주특별자치도 제주시 건입동 709-11,33.514258158220336,126.53959144544714,success,
287,숙박,외국인도시민박업,Pedro guesthouse,Pedro guesthouse,2025-09-22,광주 서구 쌍촌동 962-16,35.1522557514069,126.864831376943,success,
288,거리,이색거리,양림동 펭귄마을,Yangnim-dong Penguin Village,2025-09-22,광주 남구 양림동 201-64,35.14008118770974,126.91704151767347,success,
289,거리,이색거리,신안동 디카의 거리,Digital Camera Avenue of Sinan,2025-09-22,,,,not_found,
290,거리,이색거리,청춘발산마을,Cheongchun Balsan Village,2025-09-22,광주 서구 양동 440-5,35.1599188613157,126.891472115938,success,
291,거리,이색거리,무등산 카페거리,Mudeungsan Cafe Village ,2025-09-22,,,,not_found,
292,예술/문화,전통문화,광주향교 체험,Gwangjuhyanggyo Local Confucian School Experience,2025-09-22,경기 하남시 신장동 561-2,37.54204954923113,127.21091273632797,success,
293,예술/문화,미술관,광주여성전시관 Herstory ,"Gwangju Women's Exhibition Hall, Herstory ",2025-09-22,,,,not_found,
294,예술/문화,미술관,은암미술관,Eunam Museum of Art ,2025-09-22,광주 동구 대의동 32,35.1499688285889,126.920637664626,success,
295,역사/전통,미술관,윤상원열사 생가,House of Yoon Sang-won ,2025-09-22,광주 광산구 신룡동 570-1,35.2112638271179,126.76279750684,success,
296,역사/전통,사찰/기독교,선교기념비,Mission Monument,2025-09-22,광주 남구 양림동 108-8,35.139443346682,126.913633961676,success,
297,예술/문화,선비문화,송호영당,Songhoyeongdang,2025-09-22,광주 광산구 소촌동 364-1,35.1498404606254,126.795609180234,success,
298,예술/문화,선비문화,사직단,Sajikdan Altar,2025-09-22,서울 종로구 사직동 1-28,37.5756532581652,126.967659901279,success,
299,역사/전통,5·18/광주학생운동,광주 경찰충혼탑,Gwangju Police Memorial Tower,2025-09-22,광주 남구 사동 177,35.1425357494996,126.912142704888,success,
300,예술/문화,문화유산,신룡동오층석탑,Five-Story Stone Pagoda in Sinnyong-dong ,2025-09-22,광주 광산구 신룡동 산 57-1,35.22731978428761,126.77135514840737,success,
301,역사/전통,5·18/광주학생운동,광주 3.1 만세운동 기념비,Gwangju March 1 Manse Movement Monument,2025-09-22,광주 남구 양림동 242,35.1373214383332,126.911002759368,success,
302,맛집,한식,절기밥상,Ihwajeong,2025-09-22,광주 북구 용전동 1220-17,35.2353512296629,126.891358554817,success,
303,자연,자연,원효계곡,Wonhyo Valley,2025-09-22,광주 북구 금곡동 781,35.1514185523109,126.989951677242,success,
304,예술/문화,미술관,국윤미술관,G & Y Museum of Art,2025-09-22,광주 동구 소태동 722-70,35.13189325739366,126.9365206518692,success,
305,거리,이색거리,맥문동숲길,Maengmundong Forest Road,2025-09-22,광주 북구 문흥동 1014-3,35.18295928996892,126.91638535221192,success,
306,숙박,한옥스테이,오가헌,Ogaheon Hanok Hotel,2025-09-22,광주 동구 금남로4가 42,35.1516348396719,126.915736984522,success,
307,숙박,템플스테이,증심사 템플스테이,Temple Stay at Jeungsimsa Temple ,2025-09-22,광주 동구 운림동 56,35.12857735398967,126.96968900451077,success,
308,예술/문화,전통문화,증심사 템플스테이,Temple Stay at Jeungsimsa Temple ,2025-09-22,광주 동구 운림동 56,35.12857735398967,126.96968900451077,success,
309,예술/문화,박물관,비움박물관, Bium Museum,2025-09-22,광주 동구 대의동 2-1,35.1504228951734,126.920303600789,success,
310,체험/스포츠,스포츠/기타,광주기아챔피언스필드,Gwangju-Kia Champions Field ,2025-09-22,광주 북구 임동 316,35.16820922209541,126.88911206152956,success,
311,체험/스포츠,체험장,국립광주과학관,Gwangju National Science Museum,2025-09-22,광주 북구 오룡동 1-6,35.2298555988054,126.84992561562,success,
312,맛집,양식,어나더키친,Another Kitchen,2025-09-22,광주 광산구 수완동 954,35.1916169396833,126.823384922103,success,
313,맛집,양식,마리오셰프,Mario Chef,2025-09-22,광주 남구 양림동 367,35.13826835136384,126.91417067567731,success,
314,숙박,관광호텔·호스텔,오아시타호스텔,Oasita Hostel,2025-09-22,광주 동구 동명동 75-20,35.1503830016832,126.925606486516,success,
315,숙박,템플스테이,무각사 템플스테이,Temple Stay at Mugaksa Temple ,2025-09-22,광주 서구 쌍촌동 1268-1,35.15436281798,126.856715200618,success,
316,쇼핑,전통시장,대인시장,Daein Market ,2025-09-22,광주 동구 대인동 309-6,35.15389078347101,126.9168080043664,success,
318,예술/문화,박물관,분청사기전시실,Buncheong Ware Exhibition Hall,2025-09-22,광주 북구 금곡동 157,35.16775159934,126.998656443228,success,
319,자연,자연,승촌보 유채꽃밭,Seungchonbo Canola Flower(Yuchae) Garden,2025-09-22,,,,not_found,
320,예술/문화,박물관,오방 최흥종 기념관,Obang Choi Heung-jong Memorial Hall,2025-09-22,광주 남구 양림동 108-2,35.14024159071342,126.91312616261278,success,
321,예술/문화,박물관,한국미용박물관,Korea Beauty Museum,2025-09-22,광주 북구 중흥동 335-1,35.1723831534857,126.909396998121,success,
322,쇼핑,전통시장,1913 송정역시장,1913 Songjeong Station Market ,2025-09-22,광주 광산구 송정동 986-3,35.13616389018537,126.79176678104224,success,
323,체험/스포츠,공연장,광주공연마루,Gwangju Gongyeonmaru,2025-09-22,광주 서구 치평동 1163-2,35.1557368332684,126.83972107384292,success,
324,예술/문화,미술관,광주 미디어아트 플랫폼,Gwangju Media Art Platform,2025-09-22,광주 남구 구동 1,35.148432154929814,126.90928747303161,success,
325,맛집,한식,백년미가 유촌점,Baengnyeonmiga,2025-09-22,광주 서구 유촌동 145,35.165438744065305,126.85297915118645,success,
326,맛집,한식,영빈관,Yeongbingwan,2025-09-22,경북 상주시 화산동,36.4346835243264,128.160140427051,success,
327,체험/스포츠,공연장,광주남구문화예술회관,Gwangju Nam-gu Culture & Arts Center,2025-09-22,광주 남구 봉선동 1068,35.1221396457002,126.917189165671,success,
328,체험/스포츠,공연장,문예정터 극단 진달래피네,"Munyejeongteo Small Theater, Jindallaepine",2025-09-22,,,,not_found,
329,체험/스포츠,공연장,민들레소극장,Mindeulle Small Theater ,2025-09-22,광주 동구 동명동 200-12,35.1508715449908,126.92273511257,success,
330,맛집,한식,관가,Gwanga,2025-09-22,광주 동구 소태동 769-2,35.13087775255534,126.93892097661964,success,
331,맛집,한식,강촌,Gangchon,2025-09-22,강원특별자치도 춘천시 남산면 강촌리,37.8135804645867,127.624234195871,success,
332,거리,이색거리,운림동 미술관거리,Ullim-dong Art Gallery Street,2025-09-22,,,,not_found,
333,맛집,한식,이씨네푸줏간,Issine Pujutgan,2025-09-22,광주 서구 풍암동 1005-5,35.1240292973463,126.868656400423,success,
334,맛집,한식,뜨락,Tteurak,2025-09-22,서울 강남구 청담동 130-13,37.52443005554326,127.0555790411431,success,
335,맛집,한식,조선옥,Joseonok,2025-09-22,충남 홍성군 광천읍 상정리 593-1,36.5057126073823,126.612297725038,success,
336,맛집,한식,넓으실,Neolbeusil,2025-09-22,광주 북구 대촌동 536,35.2366072262713,126.854047222601,success,
337,맛집,한식,약수한방삼계탕,Yaksu Hanbang Samgyetang,2025-09-22,광주 북구 운암동 1059-8,35.1838458680237,126.870830675754,success,
338,예술/문화,미술관,드영미술관,De Young Art Museum,2025-09-22,광주 동구 운림동 330,35.134298581412985,126.95348192621191,success,
339,예술/문화,미술관,이이남 스튜디오,Leeleenam Studio,2025-09-22,광주 남구 양림동 228-11,35.139159728227646,126.91280909709633,success,
340,숙박,외국인도시민박업,호랑가시나무언덕 게스트하우스,Horanggasinamu Hill Guesthouse ,2025-09-22,광주 남구 양림동 226-25,35.138203872889704,126.91223953072259,success,
341,숙박,한옥스테이,서창전통한옥문화체험관,Seochang Hanok Experience Center,2025-09-22,,,,not_found,
342,코스관광,해설사관광,양림역사문화탐방,Yangnim-dong Trail,2025-09-22,,,,not_found,
343,체험/스포츠,체험장,IT스퀘어,IT Square,2025-09-22,광주 광산구 서봉동 37,35.1524965354272,126.767015653727,success,
344,체험/스포츠,스포츠/기타,광주광역시립 산수도서관,Gwangju City Sansu Library,2025-09-22,광주 동구 산수동 401-58,35.15438492872004,126.92841024175443,success,
345,체험/스포츠,스포츠/기타,광주광역시립 사직도서관,Gwangju City Sajik Library,2025-09-22,광주 남구 양림동 108-8,35.139521127541165,126.91400476610852,success,
346,체험/스포츠,스포츠/기타,광주광역시립 무등도서관,Gwangju City Mudeung Library,2025-09-22,광주 북구 우산동 213-4,35.1765366727578,126.925349934967,success,
347,숙박,캠핑장,패밀리랜드 카라반 캠핑장,Family Land Caravan Camping Site,2025-09-22,광주 북구 생용동 산 109-6,35.22567169164286,126.89655397286552,success,
348,체험/스포츠,스포츠/기타,광주실내수영장,Gwangju Indoor Swimming Pool,2025-09-22,경기 광주시 양벌동 38-1,37.3952351308363,127.2583204951777,success,
349,숙박,캠핑장,주노글램핑 인 광주,Juno Glamping in Gwangju,2025-09-22,광주 서구 치평동 886-3,35.1534510227943,126.83704550196,success,
350,체험/스포츠,스포츠/기타,광주패밀리랜드 눈썰매장,Gwangju Family Land Sled Zone ,2025-09-22,광주 북구 생용동 산 127-2,35.222049903694,126.894276078975,success,
351,체험/스포츠,스포츠/기타,슈퍼몽테마파크(아틀란티스 광주점),Super Mong Theme Park (Atlantis Gwangju),2025-09-22,대전 동구 낭월동 732,36.2767082847894,127.46581137563,success,korean_cleaned
352,체험/스포츠,체험장,금호평생교육관,Kumho Lifelong Education Center,2025-09-22,광주 남구 월산동 226-49,35.145162347549,126.900520894647,success,
353,체험/스포츠,공연장,광산구문화예술회관,Gwangsan-gu Culture & Arts Center,2025-09-22,광주 광산구 송정동 582-1,35.1406167795671,126.799345537279,success,
354,체험/스포츠,공연장,광산구청소년수련관,Gwangsan-gu Youth Training Center,2025-09-22,광주 광산구 쌍암동 653-1,35.2222498728623,126.845510833179,success,
355,체험/스포츠,공연장,광주학생교육문화회관,Gwangju Education and Culture Center for Students,2025-09-22,광주 서구 쌍촌동 1268,35.15590100790459,126.85865071828331,success,
356,예술/문화,전통문화,고싸움놀이 테마파크,Gossaum-nori Theme Park ,2025-09-22,광주 남구 칠석동 996,35.0694576257144,126.836642519024,success,
357,예술/문화,미술관,광주비엔날레전시관,Gwangju Biennale Pavilion ,2025-09-22,광주 북구 용봉동 산 149-2,35.18246869881473,126.8891256333192,success,
358,체험/스포츠,공연장,광주광역시청소년수련원,Gwangju Youth Training Center,2025-09-22,광주 서구 화정동 504-8,35.14172761437637,126.8678795999042,success,
359,체험/스포츠,공연장,광주시청 야외음악당,Gwangju City Hall Outdoor Music Hall,2025-09-22,광주 서구 치평동 1200,35.1594844721195,126.849392048148,success,
360,예술/문화,전통문화,광주광역시 동구문화원,Gwangju Dong-gu Cultural Center,2025-09-22,광주 동구 궁동 51-25,35.15008795804731,126.91815294599313,success,
361,예술/문화,전통문화,광주광산문화원,Gwangju Gwangsan Cultural Center,2025-09-22,광주 광산구 소촌동 528-14,35.1424809456911,126.79512719457,success,
362,예술/문화,전통문화,광주광역시 북구문화원,Gwangju Buk-gu Cultural Center,2025-09-22,광주 북구 중흥동 361-10,35.17285316393072,126.91365133717348,success,
363,역사/전통,5·18/광주학생운동,4·19민주혁명 역사관,April Revolution History Hall,2025-09-22,광주 동구 계림동 239-1,35.1586194808798,126.921094626657,success,
364,역사/전통,5·18/광주학생운동,4·19혁명기념관,April Revolution Memorial Hall,2025-09-22,광주 동구 계림동 562-6,35.1614076484311,126.918765040122,success,
365,예술/문화,전통문화,광주광역시 남구문화원,Gwangju Nam-gu Cultural Center ,2025-09-22,광주 남구 봉선동 1068,35.12207208308418,126.91724737841787,success,
366,예술/문화,전통문화,광주광역시 서구문화원,Gwangju Seo-gu Cultural Center,2025-09-22,광주 서구 양동 385-30,35.155200291130576,126.8966805697491,success,
367,역사/전통,5·18/광주학생운동,5·18민주화운동기록관,May 18 Democratic Archive,2025-09-22,광주 동구 금남로3가 3-5,35.1495669290272,126.91676741050753,success,
368,역사/전통,5·18/광주학생운동,전일빌딩245,Jeonil Building 245,2025-09-22,광주 동구 금남로1가 1-1,35.1483414999488,126.918716571687,success,
369,예술/문화,문화유산,취병조형유허비,Memorial Stone for Chwibyeong Jo Hyeong,2025-09-22,광주 광산구 비아동 689-3,35.2209017573034,126.817253993157,success,
370,예술/문화,선비문화,경장각,Gyeongjanggak,2025-09-22,광주 광산구 흑석동 206,35.1844037551399,126.805381810601,success,
371,역사/전통,사찰/기독교,양림동 선교사 묘지,Yangnim-dong Missionary Cemetery,2025-09-22,광주 남구 양림동 108,35.139643516844,126.911232859577,success,
372,맛집,한식,홍춘이,Hongchuni,2025-09-22,대구 남구 대명동 1583-8,35.8346242810498,128.556421527273,success,
373,맛집,한식,황톳길 ,Hwangtotgil,2025-09-22,충북 보은군 속리산면 사내리,36.5336351622728,127.826073885233,success,
374,맛집,한식,효정,Hyojeong,2025-09-22,광주 북구 운암동 377-22,35.1742493008394,126.875293994121,success,
375,맛집,양식,더셰프,The Chef,2025-09-22,광주 광산구 오선동 620,35.201895252277595,126.78861990462121,success,
376,맛집,한식,해남성내식당,Haenamseongnaesikdang,2025-09-22,광주 남구 봉선동 1098-3,35.1313195985109,126.903210481478,success,
377,맛집,한식,해남식당,Haenamsikdang,2025-09-22,광주 동구 호남동 32-15,35.1479799526719,126.912114905806,success,
378,체험/스포츠,체험장,5·18자유공원 역사체험,May 18 Jayu (Liberty) Park History Experience,2025-09-22,,,,not_found,
379,체험/스포츠,체험장,CCTV통합관제센터 VR 영상 체험,CCTV Control Center Children's Video Experience ,2025-09-22,,,,not_found,
380,체험/스포츠,체험장,무등산 수박마을,Mudeungsan Watermelon Village ,2025-09-22,광주 북구 금곡동,35.1702465616712,126.998911071055,success,
381,체험/스포츠,체험장,빛고을농촌테마공원,Bitgoeul Farm Theme Park ,2025-09-22,광주 남구 양과동 1237-5,35.08449050877782,126.8675344296771,success,
382,체험/스포츠,체험장,시청 어린이 안전체험관,City Hall Safety Experience Hall for Children ,2025-09-22,,,,not_found,
383,체험/스포츠,체험장,시청자미디어센터,Viewer Media Center,2025-09-22,충북 청주시 청원구 내덕동 201-1,36.6560978386068,127.490968390071,success,
384,체험/스포츠,체험장,영산강 문화관,Yeongsangang Cultural Center,2025-09-22,광주 남구 승촌동 575,35.066035149143765,126.7611025238165,success,
385,체험/스포츠,스포츠/기타,광주 송정도서관,Songjeong Library ,2025-09-22,광주 광산구 소촌동 산 4-1,35.14492600502017,126.7997826877133,success,
386,체험/스포츠,스포츠/기타,푸른마을 공동체센터, Pureun Village Community Center,2025-09-22,광주 동구 산수동 363-4,35.1529826937642,126.925880684822,success,
387,맛집,한식,"다르다김밥,주먹밥",Dareuda Gimbap Jumeokbap,2025-09-22,광주 서구 치평동 1184,35.15501370757337,126.84792963145628,success,
388,맛집,한식,다미정,Damijeong,2025-09-22,광주 서구 풍암동 1153-14,35.12847371264803,126.88532373453093,success,
389,숙박,외국인도시민박업,조아 게스트 하우스,Joa Guesthouse,2025-09-22,광주 광산구 도산동 1052-1,35.13223529489637,126.79097473160618,success,
390,숙박,캠핑장,광산구 국민여가친환경 오토캠핑장,Gwangsan-gu Eco-friendly Auto Camping Site for Public Leisure ,2025-09-22,광주 광산구 지산동 533-2,35.195313249525,126.730360443914,success,
391,자연,자연,너릿재 옛길,Neoritjae Old Road,2025-09-22,광주 동구 선교동,35.08370665759011,126.95351066549621,success,
392,자연,자연,뒹굴동굴,Dwinggul Cave,2025-09-22,광주 남구 사동 177-38,35.1428192549406,126.915346638436,success,
393,쇼핑,전통시장,양동시장,Yangdong Market,2025-09-22,광주 서구 양동 5-101,35.1545376720738,126.901960377722,success,
394,체험/스포츠,유원지,상무시민공원 에너지파크,Sangmu Citizens' Park Energy Park,2025-09-22,광주 서구 치평동 1163-2,35.1557466863102,126.841042461833,success,
395,거리,이색거리,박뫼마을,Bangmoe Village,2025-09-22,광주 광산구 박호동,35.1690195823273,126.743504296406,success,
396,거리,이색거리,송정꼬브랑 동화마을,Songjeong Kkoburang Donghwa Village,2025-09-22,광주 광산구 송정동 871-5,35.1359046535405,126.794084826865,success,
397,거리,이색거리,양림펭귄마을 BTS제이홉 벽화,Yangnim Penguin Village BTS J-Hope Mural,2025-09-22,,,,not_found,
398,공원,도시근린공원,상무시민공원,Sangmu Citizens' Park,2025-09-22,광주 서구 치평동 1162,35.1535282711007,126.840912883539,success,
399,공원,도시근린공원,전평제 근린공원,Jeonpyeongje Neighborhood Park,2025-09-22,광주 서구 매월동 519-1,35.115465170124,126.84907818547,success,
400,거리,이색거리,양림동 호랑가시나무길,Yangnim-dong Horanggasinamu-gil,2025-09-22,,,,not_found,
401,공원,도시근린공원,너릿재공원,Neoritjae Park,2025-09-22,광주 동구 선교동,35.0803537232799,126.953946783636,success,
402,공원,도시근린공원,푸른길분수공원,Pureungil Bunsu Park,2025-09-22,광주 동구 산수동,35.1534197346033,126.92717092998,success,
403,자연,자연,운천저수지,Uncheon Reservoir,2025-09-22,광주 서구 쌍촌동 869-9,35.14809509172891,126.85472231359499,success,
404,거리,이색거리,양림동 펭귄마을공예거리,Yangnim-dong Penguin Village Craft Street,2025-09-22,광주 남구 양림동 44-1,35.13995545503056,126.9163964308105,success,
405,맛집,한식,대광식당,Daegwangsikdang,2025-09-22,광주 서구 마륵동 172-4,35.14403640595194,126.83913607916692,success,
406,맛집,한식,돌담게장백반,Doldam Gejangbaekban,2025-09-22,광주 북구 금곡동 275-3,35.16997255050951,126.99912183444201,success,
407,맛집,한식,미소랑 ,Misorang,2025-09-22,충북 청주시 흥덕구 강서동 466,36.625160351292685,127.42736062716982,success,
408,맛집,한식,민들레,Mindeulle,2025-09-22,충북 충주시 동량면 화암리 496,36.99267799410767,128.01691492223634,success,
409,맛집,한식,별채 ,Byeolchae,2025-09-22,부산 부산진구 부전동 261-9,35.1589074862313,129.058418915562,success,
410,맛집,한식,복순이네,Boksunine,2025-09-22,광주 동구 학동 56-7,35.13993528924723,126.92127835332437,success,
411,맛집,한식,서울곱창,Seoul Gopchang,2025-09-22,광주 광산구 송정동 820-5,35.1387660650508,126.796510303651,success,
412,맛집,한식,서울장수국수,Seoul Jangsuguksu,2025-09-22,광주 광산구 송정동 971-8,35.13539699485848,126.79133751829899,success,
413,맛집,한식,석암돌솥밥,Seogamdolsotbap,2025-09-22,광주 북구 문흥동 957-9,35.187180382113446,126.92046535762633,success,
414,맛집,한식,성내식당,Seongnaesikdang,2025-09-22,서울 강동구 성내동 441-1,37.5227943595689,127.133653733143,success,
415,맛집,한식,맘스쿡,Mom's Cook,2025-09-22,경기 광주시 역동 364,37.40400370843071,127.25296764082037,success,
416,맛집,한식,매월 흑염소가든,Maewol Heugyeomso Garden ,2025-09-22,광주 서구 매월동 480-1,35.1133810924987,126.848981109296,success,
417,맛집,한식,명화식육식당,Myeonghwasigyuksikdang,2025-09-22,광주 광산구 명화동 225-1,35.12295221720541,126.7223129430302,success,
418,맛집,한식,송하회관,Songhahoegwan,2025-09-22,광주 동구 불로동 146,35.1448532049868,126.916033680264,success,
419,맛집,한식,수궁 ,Sugung,2025-09-22,서울 구로구 궁동 54-2,37.5015172514033,126.828100364657,success,
420,맛집,한식,쌍학 ,Ssanghak ,2025-09-22,광주 동구 수기동 59,35.149497671180015,126.91187622883324,success,
421,맛집,한식,아리랑하우스,Arirang House,2025-09-22,전북특별자치도 전주시 덕진구 인후동1가 939-7,35.8236070940151,127.165494947545,success,
422,맛집,한식,양산대박 상추튀김,Yangsandaebak Sangchutwigim,2025-09-22,광주 북구 양산동 850,35.2104611011925,126.877848091755,success,
423,맛집,한식,여간 좋은날,Yeogan Joeunnal,2025-09-22,광주 서구 풍암동 423-2,35.131850898544045,126.87951923075589,success,
424,맛집,한식,예지원,Yejiwon,2025-09-22,경기 동두천시 생연동 30-6,37.8940369746607,127.07449405426,success,
425,맛집,한식,예향계절한정식,Yehyanggyejeolhanjeongsik,2025-09-22,광주 서구 치평동 1261-5,35.1496960556365,126.852605811577,success,
426,맛집,한식,옥과한우촌 상무점,Okgwahanuchon,2025-09-22,광주 서구 치평동 1002-16,35.15959439851872,126.8450718250399,success,
427,맛집,한식,유진정,Yujinjeong,2025-09-22,전남 담양군 금성면 석현리 544-2,35.338738507544306,127.02193369149644,success,
428,맛집,한식,육전명가,Yukjeonmyeongga,2025-09-22,광주 서구 치평동 1244-12,35.15130669100034,126.85327015977697,success,
429,맛집,한식,윤영식당 ,Yunyeongsikdang,2025-09-22,광주 남구 주월동 1287-2,35.1323063905664,126.90184000734,success,
430,맛집,한식,은성김밥,Eunseonggimbap,2025-09-22,광주 동구 황금동 74,35.1468766170526,126.917133387934,success,
431,맛집,한식,이태백,Itaebaek,2025-09-22,광주 광산구 본덕동 518-2,35.0871351078597,126.771763499986,success,
432,맛집,한식,이화점 ,Ihwajeom,2025-09-22,광주 동구 대인동 327-9,35.1545850514413,126.917129962596,success,
433,맛집,한식,정애네집 ,Jeongaenejip,2025-09-22,,,,not_found,
434,맛집,한식,참뫼 ,Chammoe,2025-09-22,광주 동구 궁동 41,35.1496717190647,126.91843430585,success,
435,맛집,한식,칠우불고기,Chirubulgogi,2025-09-22,광주 북구 용봉동 1385-5,35.1785238424617,126.89669058732,success,
436,맛집,한식,케이투,Keitu,2025-09-22,서울 강남구 자곡동 648,37.47214149585538,127.1032034330473,success,
437,맛집,한식,한백년식당,Hanbaengnyeonsikdang,2025-09-22,광주 북구 운정동 513-1,35.229196714321716,126.94431683277584,success,
438,맛집,한식,한옥식당 ,Hanoksikdang,2025-09-22,광주 남구 양림동 137,35.14029713371703,126.91518904264623,success,
439,맛집,한식,한우사랑,Hanusarang,2025-09-22,강원특별자치도 태백시 황지동 203-1,37.1588849416591,128.984321526216,success,
440,맛집,한식,현완단겸 상추튀김,Hyeonwandangyeom Sangchutwigim,2025-09-22,광주 서구 치평동 1177-3,35.148759025525,126.84781287005,success,
441,맛집,한식,현주네이야기,Hyeonjune Iyagi,2025-09-22,광주 북구 일곡동 904-5,35.20659509713338,126.89095429532331,success,
442,맛집,일식,긴자상회,Ginjasanghoe,2025-09-22,광주 서구 금호동 752-5,35.1345890559247,126.858501031956,success,
443,맛집,기타,베토벤음악감상실 ,Beethoven Eumakgamsangsil,2025-09-22,광주 동구 금남로1가 19-16,35.1475949255305,126.918348585625,success,
444,맛집,기타,윤슬베이커리 ,Yun Seul Bakery,2025-09-22,광주 동구 동명동 78-2,35.1490355316866,126.927196784856,success,
445,맛집,기타,윤회매문화관,Yunhoemaemunhwagwan,2025-09-22,,,,not_found,
446,맛집,기타,제이콥하우스 ,Jacob House,2025-09-22,광주 남구 서동 11,35.1482672302357,126.905775928331,success,
447,맛집,기타,지음책방,Jieumchaekbang,2025-09-22,,,,not_found,
448,코스관광,해설사관광,"광주폴리 Ⅰ,Ⅱ",Gwangju Folly I & II,2025-09-22,,,,not_found,
449,맛집,기타,춘설빵,Chunseolppang,2025-09-22,,,,not_found,
450,맛집,한식,100족발본점,100 Jokbal Main Branch,2025-09-22,광주 광산구 신창동 1256-1,35.195062040776826,126.83564150491806,success,
451,맛집,한식,강의리추어탕,Ganguiri Chueotang,2025-09-22,전남 담양군 대전면 강의리 275-2,35.2644899303188,126.904155756349,success,
452,맛집,한식,계절따라 ,Gyejeolttara,2025-09-22,광주 동구 서석동 435-13,35.14471352409351,126.92574442729654,success,
453,맛집,한식,광후장어,Gwanghujangeo,2025-09-22,광주 광산구 수완동 669-3,35.2049503476742,126.818910643301,success,
454,맛집,한식,국현옥궁중팥죽,Gukhyeonokgungjungpatjuk,2025-09-22,광주 북구 운암동 952-6,35.1780148363791,126.873237526639,success,
455,맛집,한식,꽃담,Kkotdam,2025-09-22,광주 광산구 비아동 746,35.224204277945624,126.83746438559253,success,
456,맛집,한식,남가정,Namgajeong,2025-09-22,광주 동구 지산동 75-1,35.1496897883429,126.943894761828,success,
457,숙박,외국인도시민박업,Pedro's house 2,Pedro's house 2,2025-09-22,광주 서구 쌍촌동 962-16,35.1522557514069,126.864831376943,success,korean_cleaned
458,숙박,외국인도시민박업,다솜채,Dasomchae,2025-09-22,광주 광산구 송정동 808-11,35.13897978565045,126.79764546530566,success,
459,숙박,한옥스테이,다솜채,Dasomchae,2025-09-22,광주 광산구 송정동 808-11,35.13897978565045,126.79764546530566,success,
460,맛집,양식,테리킴 ,Terry Kim,2025-09-22,,,,not_found,
461,숙박,한옥스테이,식목일 스테이,Sikmok-il Hanok Stay ,2025-09-22,광주 북구 중흥동 677-10,35.1590019362838,126.912322564572,success,
462,숙박,한옥스테이,유유한,Yuyuhan,2025-09-22,광주 동구 동명동 142-54,35.1475825224845,126.927171741183,success,
463,맛집,양식,테스팅노트,Tasting Note,2025-09-22,광주 서구 화정동 1528,35.1455460791264,126.885918713115,success,
464,맛집,양식,트루-진심을담다,True - Jinsimeuldamda,2025-09-22,,,,not_found,
465,맛집,양식,파인트리,Pinetree,2025-09-22,전북특별자치도 전주시 완산구 효자동2가 156-4,35.8082835137951,127.106946747902,success,
466,맛집,일식,오카츠,Okatsu,2025-09-22,광주 서구 치평동 1187-3,35.1571860166054,126.847956319989,success,
467,맛집,일식,해동활어,Haedonghwareo,2025-09-22,광주 서구 마륵동 175-6,35.14187284686825,126.83622583256805,success,
468,맛집,중식,마천루,Macheollu,2025-09-22,광주 서구 쌍촌동 276-2,35.15731012136502,126.86934705965106,success,
469,맛집,중식,영안반점,Yeonganbanjeom,2025-09-22,울산 중구 우정동 276-36,35.5537387007947,129.314977859477,success,
470,맛집,기타,공오일팔 ,Gongoilpal,2025-09-22,광주 동구 남동 155-1,35.14456604310353,126.91923389249094,success,
471,거리,음식의 거리,동곡동 꽃게장 백반거리,Donggok-dong Kkotgejang Baekban Street,2025-09-22,광주 광산구 하산동,35.0989822686291,126.773467741713,success,
472,쇼핑,전통시장,광주각화농산물도매시장,Gwangju Gakha Farmers' Wholesale Market,2025-09-22,광주 북구 각화동 437-3,35.1840704514908,126.935162630157,success,
473,숙박,관광호텔·호스텔,ACC DESIGN HOTEL,ACC DESIGN HOTEL,2025-09-22,광주 동구 금남로2가 28,35.14864466605776,126.91651923522797,success,
474,숙박,관광호텔·호스텔,CS 호텔,CS Hotel,2025-09-22,제주특별자치도 서귀포시 중문동 2563-1,33.24291555675162,126.42029310805967,success,
475,숙박,관광호텔·호스텔,광주관광호텔,Gwangju Tourist Hotel ,2025-09-22,광주 북구 오치동 856-62,35.19233019689493,126.901368191079,success,
476,숙박,관광호텔·호스텔,호텔프랑스,Hotel France ,2025-09-22,부산 동래구 온천동 47-4,35.222521025108826,129.08102826825044,success,
477,숙박,관광호텔·호스텔,H1 Hotel (에이치원호텔),H1 Hotel,2025-09-22,서울 금천구 가산동 139-26,37.479392492626864,126.88850279891844,success,korean_cleaned
478,숙박,관광호텔·호스텔,홀리데이 인 광주호텔,Holiday Inn Gwangju,2025-09-22,광주 서구 치평동 573-1,35.147637008880146,126.83820936828113,success,
479,숙박,외국인도시민박업,산월게스트하우스,Sanwol Guesthouse,2025-09-22,,,,not_found,
480,숙박,한옥스테이,여로,Yeoro,2025-09-22,충남 공주시 소학동 447-1,36.437115346419,127.150259544817,success,
481,숙박,관광호텔·호스텔,Culture Hotel Laam(컬처호텔 람),Culture Hotel LAAM,2025-09-22,,,,not_found,
482,숙박,외국인도시민박업,윔즈홈,wimzhome,2025-09-22,,,,not_found,
483,숙박,외국인도시민박업,발산하우스,Balsan House,2025-09-22,광주 서구 양동 438-378,35.16012094625,126.891673801122,success,
484,숙박,외국인도시민박업,스테이702,Stay 702,2025-09-22,서울 종로구 수송동 156,37.57253694035176,126.98115799085134,success,korean_cleaned
485,숙박,외국인도시민박업,달이하우스,Dal2 House,2025-09-22,제주특별자치도 제주시 구좌읍 행원리 1511-3,33.557270620140145,126.80285668550319,success,
486,숙박,외국인도시민박업,푸른동산,Blue Garden,2025-09-22,경기 가평군 청평면 청평리 699-3,37.7280877184934,127.409669381915,success,
487,숙박,외국인도시민박업,아리네 게스트하우스,Ariene Guesthouse,2025-09-22,광주 남구 양림동 201-242,35.1416082743525,126.915993119679,success,
