연번,구분,세부구분,시설명,시설명영문명,데이터기준일자
1,숙박,관광호텔·호스텔,엠파이어관광호텔,Empire Tourist Hotel,2025-09-22
2,숙박,관광호텔·호스텔,MGM관광호텔,MGM Tourist Hotel,2025-09-22
3,체험/스포츠,공연장,북구청소년수련관,Buk-gu Youth Training Center,2025-09-22
4,숙박,관광호텔·호스텔,무등파크호텔,Mudeung Park Hotel,2025-09-22
5,숙박,관광호텔·호스텔,벤틀리호텔,bentleyhotel,2025-09-22
6,숙박,관광호텔·호스텔,피렌체관광호텔,Firenze Tourist Hotel,2025-09-22
7,숙박,관광호텔·호스텔,마스터스관광호텔,Masters Tourist Hotel,2025-09-22
8,숙박,관광호텔·호스텔,라마다플라자 광주호텔,Ramada Plaza Gwangju Hotel,2025-09-22
9,맛집,한식,하림가,Harimga,2025-09-22
10,맛집,한식,동원게장백반,Dongwon Gejangbakban,2025-09-22
11,맛집,한식,최다연샤브샤브,Choi Da-yeon Shabu Shabu,2025-09-22
12,맛집,한식,오얏리돌솥밥,Oyatri Dolsotbap,2025-09-22
13,맛집,일식,우미일식,Umiilsik,2025-09-22
14,예술/문화,문화유산,광양 중흥산성 쌍사자 석등,Jungheung-sanseong Ssangsaja-seokdeung* (sanseong-mountain fortress;  Ssangsajaseokdeung-a pair of lion-shaped stone lan,2025-09-22
15,역사/전통,5·18/광주학생운동,광주학생독립운동발상지(광주일고),Gwangju Student Independence Movement Birthplace(Gwangju Jeil High School),2025-09-22
16,역사/전통,전통가옥/근대건축,"광주 서석초등학교 (본관, 체육관, 별관)","Gwangju Seoseok Elementary School (Main Building, Gymnasium, Separate Building)",2025-09-22
17,역사/전통,전통가옥/근대건축,광주 수창초등학교본관,Main Building of Gwangju Suchang Elementary School,2025-09-22
18,예술/문화,문화유산,고씨 삼강문,Go Clan Samgang Gate,2025-09-22
19,예술/문화,문화유산,금곡동 제철유적,Geumgok-dong Iron Making Relics,2025-09-22
20,예술/문화,문화유산,정지장군 예장석묘,General Jeong Ji’s Yejangseokmyo(picture-inscribed stone tomb),2025-09-22
21,예술/문화,문화유산,무진고성지,Hoetteuneun Maeul,2025-09-22
22,예술/문화,선비문화,월봉서원(빙월당),Wolbong Seowon-Confucian School(Bingwoldang),2025-09-22
23,예술/문화,문화유산,덕림사 지장보살상과 시왕상 및 그 권속,"Deongnimsa Jijangbosalsang, Siwangsang & Attached Statues (Buddhist statues)",2025-09-22
24,예술/문화,문화유산,전라남도 회의실 신축설계도,Jeollanam-do Conference Hall New Construction Blueprint,2025-09-22
25,역사/전통,사찰/기독교,광주 북동천주교회,Gwangju Buk-dong Catholic Church,2025-09-22
26,맛집,한식,금수저은수저,Geumsujeo Eunsujeo,2025-09-22
27,맛집,한식,옥천면옥,Okcheon Myeonok,2025-09-22
28,맛집,한식,마한지,Mahanji,2025-09-22
29,예술/문화,문화유산,전남도청 본관,Main Building of Former Jeollanam-do Government Office,2025-09-22
30,역사/전통,전통가옥/근대건축,조선대학교 본관,Chosun University Main Building  ,2025-09-22
31,예술/문화,문화유산,충효동 정려비각,Chunghyo-dong Jeongryeobigak(a filial woman’s piety monument house),2025-09-22
32,예술/문화,문화유산,칠석동 은행나무,Chilseok-dong Ginkgo Tree,2025-09-22
33,역사/전통,전통가옥/근대건축,허백련과 춘설헌,Heo Baekryeon Chunseolheon(tea field) ,2025-09-22
34,역사/전통,전통가옥/근대건축,장덕동 근대한옥,"House at 527, Jangdeok-dong, Gwangju Metropolitan City",2025-09-22
35,역사/전통,사찰/기독교,광주 구 수피아여학교 수피아홀,Speer Hall in Gwangju Old Speer Girls’ School,2025-09-22
36,역사/전통,사찰/기독교,광주 구 수피아여학교 윈스브로우홀,Winsborough Hall in Gwangju Old Speer Girls’ School,2025-09-22
37,예술/문화,문화유산,가야금 병창,Gayageum Byeongchang(Song to the Gayageum-Korean zither- play),2025-09-22
38,예술/문화,문화유산,무등산 주상절리대,Mt. Mudeung Jusangjeollidae(pillar-shaped joint cliff) ,2025-09-22
39,역사/전통,5·18/광주학생운동,광주학생독립운동발상지(전남여고),Gwangju Student Independence Movement Birthplace(Chonnam Girls’ High School),2025-09-22
40,예술/문화,선비문화,포충사,Pochungsa Shrine,2025-09-22
41,역사/전통,사찰/기독교,광주 구 수피아여학교 커티스메모리얼홀,Curtis Memorial Hall in Gwangju Old Speer Girls’ School ,2025-09-22
42,예술/문화,문화유산,광주 십신사지 석비,Gwangju Sipshinsa(temple) Stone Monument ,2025-09-22
43,예술/문화,문화유산,광주 재명석등,Gwangju Jaemyeongseokdeung (stone lamp),2025-09-22
44,예술/문화,문화유산,제봉문집 목판,A Collection of Go Gyeongmyeong (pen name Jebong)´s Works (block-book),2025-09-22
45,자연,자연,금봉산(송정공원),Geumbongsan Mountain,2025-09-22
46,예술/문화,문화유산,증심사 삼층석탑,Jeungsimsa 3 Story Stone Pagoda,2025-09-22
47,예술/문화,문화유산,증심사 석조보살입상,Jeungsimsa Temple Seokjobosalipsang(standing stone Buddhist statue),2025-09-22
48,예술/문화,문화유산,증심사 오백전,Jeungsimsa(temple) Obackjeon Hall,2025-09-22
49,예술/문화,문화유산,광주 지산동 오층석탑,Gwangju Jisan-dong 5-Story Stone Pagoda,2025-09-22
50,예술/문화,문화유산,취병 조형 유허비,Cho Hyeong (pen name Chwibyeong) Monument,2025-09-22
51,예술/문화,문화유산,포충사 고경명 문적,A Collection of Go Gyeongmyeong´s Works (block-book) in Pochungsa Shrine,2025-09-22
52,예술/문화,문화유산,회재 유집 목판(운리사),A wood carving of Park Gwangok (pen name Hoejae)'s Biography(in Unisa Shrine),2025-09-22
53,예술/문화,문화유산,사암집 목판각,A Collection of Park Sun (pen name Saam)´s Works (block-book),2025-09-22
54,예술/문화,문화유산,신용동 오층석탑,Shinyong-dong 5-Story Stone Pagoda,2025-09-22
55,역사/전통,사찰/기독교,오웬기념각,Owen Memorial Hall,2025-09-22
56,예술/문화,문화유산,운천사 마애여래좌상,Uncheonsa Maeyeoraejwasang(Buddhist Statue) ,2025-09-22
57,예술/문화,문화유산,원효사 동부도,Wonhyosa Temple Dongbudo(Stone Stupa) ,2025-09-22
58,예술/문화,문화유산,원효사소장 만수사 범종,Mansusa Temple Bell (colleced by Wonhyosa Temple),2025-09-22
59,예술/문화,문화유산,(전) 광주 성거사지 오층석탑,Gwangju Seonggeo-saji(temple site) 5-Story Stone Pagoda,2025-09-22
60,예술/문화,문화유산,광주 자운사 목조아미타래여좌상 및 복장유물,Jaunsa Mokjoamitaraeyeojwasang(wooden Buddhist statue) and Costume Relics,2025-09-22
61,예술/문화,문화유산,광산농악(상쇠),Gwangsan Farm Music(the leading gong player),2025-09-22
62,예술/문화,문화유산,남도창동편제(판소리),Dongpyeonje(a pansori-Korean style opera in Namdo area),2025-09-22
63,역사/전통,전통가옥/근대건축,광주교육대학교 본관,Gwangju National University of Education Main Building,2025-09-22
64,예술/문화,선비문화,화담사,Hwadamsa Shrine ,2025-09-22
65,예술/문화,선비문화,환벽당 일원,Hwanbyeokdang Pavilion,2025-09-22
66,역사/전통,전통가옥/근대건축,오지호생가,Oh Jiho’s Birthplace,2025-09-22
67,역사/전통,전통가옥/근대건축,박용철생가(용아생가),Birthplace of Park Yongcheol(pen name Yonga),2025-09-22
68,역사/전통,사찰/기독교,우일선 선교사사택,Missionary Wilson’s House,2025-09-22
69,예술/문화,문화유산,필장,Piljang (artisan to make a brush),2025-09-22
70,예술/문화,문화유산,화류 소목장,Wooden Furniture Master(mostly quince tree) ,2025-09-22
71,역사/전통,사찰/기독교,약사암,Gwangju Yaksaam,2025-09-22
72,자연,자연,개금산,Gaegeumsan Mountain,2025-09-22
73,예술/문화,문화유산,기대승 종가소장 문적,A Collection of Gi Daeseung(pen name Gobong)´s Works (block-book),2025-09-22
74,역사/전통,전통가옥/근대건축,전라남도 도청 회의실,Jeollanam-do Conference Hall ,2025-09-22
75,역사/전통,사찰/기독교,증심사,Jeungsimsa Temple,2025-09-22
76,예술/문화,문화유산,광주읍성 유허,Gwangjueupseong (Castle) Site,2025-09-22
77,예술/문화,선비문화,만귀정,Mangwijeong Pavilion,2025-09-22
78,예술/문화,문화유산,남도판소리-한애순,Namdo Pansori (Korean traditional style opera in Namdo area),2025-09-22
79,예술/문화,문화유산,악기장,Akgijang(Korean traditional music instrument manufacturing master),2025-09-22
80,예술/문화,문화유산,판소리 춘향가 (동초제),"Pansori Chunhyangga(Dongchoje-a pansori in memorial of a chaste woman, Chunhyang)",2025-09-22
81,예술/문화,문화유산,이신의종가 소장 고문서,Lee Sinui Clan Old Documents(owned) ,2025-09-22
82,예술/문화,선비문화,병천사,Byeongcheonsa Shrine,2025-09-22
83,예술/문화,선비문화,광주향교,Gwangju Confucian School,2025-09-22
84,예술/문화,선비문화,지산재,Jisanjae Shrine,2025-09-22
85,예술/문화,문화유산,고봉문집 목판,A Collection of Gi Daeseung (pen name Gobong)´s Works (block-book),2025-09-22
86,예술/문화,문화유산,광주 십신사지 석불,Gwangju Sipshinsa(temple) Stone Buddhist Statue ,2025-09-22
87,자연,자연,석문산,Seongmunsan Mountain,2025-09-22
88,자연,자연,어등산,Mt. Eodeung,2025-09-22
89,자연,자연,용진산,Yongjinsan Mountain,2025-09-22
90,역사/전통,5·18/광주학생운동,무등경기장정문(사적18호),Main Gate of Mudeung Sports Stadium (Historical Site No. 18),2025-09-22
91,역사/전통,5·18/광주학생운동,배고픈다리(사적13호),Baegopeun(hungry) Bridge (Historical Site No. 13),2025-09-22
92,예술/문화,문화유산,양림동 호랑가시나무,Yangnim-dong Holly,2025-09-22
93,예술/문화,문화유산,양송천 묘역,Yang Songcheon’s Cemetary ,2025-09-22
94,예술/문화,문화유산,양씨 삼강문,Samgang Gate for the Yang Clan,2025-09-22
95,예술/문화,문화유산,월계동 장고분,Wolgye-dong Ancient Tombs,2025-09-22
96,예술/문화,문화유산,전상의장군 예장석묘,General Jeon Sangui’s Yejangseokmyo(picture-inscribed stone tomb),2025-09-22
97,예술/문화,문화유산,광산노씨 분묘출토 명기류,Exquisite Vessels excavated from Gwangsan Noh Clan’s cemetary,2025-09-22
98,역사/전통,전통가옥/근대건축,최승효 가옥,Choi Seunghyo’s House ,2025-09-22
99,예술/문화,문화유산,입석마을 입석,Menhir in Ibseok-maeul,2025-09-22
100,예술/문화,문화유산,필문 이선제 부조묘,Pilmun (pen name) Yi Seonjae's Shrine,2025-09-22
101,예술/문화,문화유산,판소리고법,Pansori Gobeop(Drum Playing Method to Pansori-a Korean traditional-style opera),2025-09-22
102,역사/전통,5·18/광주학생운동,광주MBC옛터(사적7호),Old Site of Gwangju MBC (Historical Site No. 7),2025-09-22
103,역사/전통,5·18/광주학생운동,광주YMCA(사적5-4호),Old Site of Gwangju YMCA (Historical Site No. 5-4),2025-09-22
104,역사/전통,5·18/광주학생운동,광주YWCA옛터(사적6호),Old Site of Gwangju YWCA (Historical Site No. 6),2025-09-22
105,역사/전통,5·18/광주학생운동,구 광주적십자병원(사적11호),Former Gwangju Red Cross Hospital (Historical Site No.11),2025-09-22
106,역사/전통,5·18/광주학생운동,상무관(사적5-3호),Sangmugwan (Historical Site No. 5-3) ,2025-09-22
107,역사/전통,5·18/광주학생운동,상무대옛터(사적17호),Old Site of Sangmudae (Historical Site No. 17),2025-09-22
108,역사/전통,5·18/광주학생운동,양동시장(사적19호),Yangdong Market (Historical Site No. 19),2025-09-22
109,역사/전통,5·18/광주학생운동,옛 상무대 영창,Former Sangmudae Guardhouse (Sangmudae-military training facility),2025-09-22
110,역사/전통,5·18/광주학생운동,전남대병원(사적9호),Chonnam National University Hospital (Historical Site No.9),2025-09-22
111,역사/전통,5·18/광주학생운동,전남대학교 정문(사적1호),Chonnam National University  (Historical Site No. 1),2025-09-22
112,역사/전통,5·18/광주학생운동,조선대학교(사적12호),Chosun Univesity (Historical Site No. 12),2025-09-22
113,역사/전통,5·18/광주학생운동,주남마을 인근 양민학살지(사적14호),Junam Village Neighboring People Massacred Place (Historical Site No. 14),2025-09-22
114,역사/전통,5·18/광주학생운동,광주학생독립운동기념관,Gwangju Student Independence Movement Memorial Hall,2025-09-22
115,예술/문화,선비문화,경열사,Geongyeolsa Shrine,2025-09-22
116,예술/문화,선비문화,충민사,Chungminsa Shrine,2025-09-22
117,예술/문화,선비문화,충장사,Chungjangsa Shrine,2025-09-22
118,예술/문화,선비문화,취가정,Chwigajeong Pavilion,2025-09-22
119,예술/문화,선비문화,풍암정,Pungam Pavilion,2025-09-22
120,거리,이색거리,서창향토마을,Seochang Folk Village,2025-09-22
121,거리,이색거리,시화문화마을,Sihwa Culture Village,2025-09-22
122,거리,이색거리,정율성거리,Jeong Yulseong Street,2025-09-22
123,역사/전통,5·18/광주학생운동,구 국군광주병원(사적23호),Former Armed Forces Gwangju Hospital (Historical Site No. 23),2025-09-22
124,예술/문화,선비문화,만취정,Manchwijeong Pavilion ,2025-09-22
125,예술/문화,선비문화,무양서원,Muyang Seowon Confucian School,2025-09-22
126,예술/문화,선비문화,부용정,Buyongjeong Pavilion,2025-09-22
127,예술/문화,선비문화,양과동정,Yanggwadongjeong Pavilion,2025-09-22
128,예술/문화,선비문화,용진정사,Yongjinjeongsa Shrine,2025-09-22
129,예술/문화,선비문화,풍영정,Pungyeongjeong Pavilion,2025-09-22
130,예술/문화,선비문화,호가정,Hogajeong Pavilion,2025-09-22
131,역사/전통,전통가옥/근대건축,고원희 가옥,Go Wonhui’s House,2025-09-22
132,역사/전통,전통가옥/근대건축,김봉호 가옥,Kim Bongho’s House,2025-09-22
133,예술/문화,문화유산,고내상성지,Gonaesangseongji (castle site),2025-09-22
134,예술/문화,문화유산,김봉선 유품,Kim Bongseon’s Remaining Articles,2025-09-22
135,예술/문화,문화유산,눌재집 목판각,A Collection of Park Sang(pen name Nuljae)´s Works (block-book),2025-09-22
136,예술/문화,문화유산,분청사기 전라도 (全羅道) 명항아리,Buncheongsagi (grayish-blue-powdered celadon) in Jeolla-do,2025-09-22
137,예술/문화,문화유산,삼거동 고인돌군,Dolmen Cluster at Samgeo-dong,2025-09-22
138,예술/문화,문화유산,석아정ㆍ오방정 현판,Tablet in SeonkajeongㆍObangjeong Pavilion,2025-09-22
139,예술/문화,문화유산,수완동 왕버들,Suwan-dong Willow,2025-09-22
140,예술/문화,문화유산,양과동계 고문서,Ancient Document of Yanggwadonggye,2025-09-22
141,예술/문화,문화유산,용두동 지석묘,Yongdudong Dolmen(Tomb),2025-09-22
142,예술/문화,문화유산,용진산 마애여래좌상,Maeyeoraejwasang(Buddhist Statue) in Mt. Yongjin,2025-09-22
143,예술/문화,문화유산,운림동 석실고분,Ullim-dong Ancient Stone Tomb ,2025-09-22
144,예술/문화,문화유산,유촌동 석조여래좌상,Yuchon-dong Seokjojoyeoraejwasang (Stone Buddhist Statue),2025-09-22
145,역사/전통,전통가옥/근대건축,김용학 가옥,Kim Yonghak’s House,2025-09-22
146,역사/전통,전통가옥/근대건축,이장우 가옥,Lee Jangwoo’s House,2025-09-22
147,예술/문화,문화유산,강진김해김씨가 상여,Kimhae Kim Clan Bier in Gangjin,2025-09-22
148,예술/문화,문화유산,괘고정수,Gwaegojeongsu (old willow tree),2025-09-22
149,예술/문화,문화유산,명화동 장고분,Myeonghwa-dong Ancient Tombs,2025-09-22
150,예술/문화,문화유산,범세동 선생묘,Beom Saedong’s Cemetary,2025-09-22
151,역사/전통,전통가옥/근대건축,전남대학교 인문대 1호관,"Hall 1, College of Liberal Arts, Chonnam National University",2025-09-22
152,공원,도시근린공원,양산호수공원,Yangsan Reservoir,2025-09-22
153,예술/문화,박물관,어린이생태학습도서관,Children Ecology Study Library,2025-09-22
154,역사/전통,5·18/광주학생운동,역사상징의 거리,Street of Historical Symbol,2025-09-22
155,공원,도시근린공원,평화공원,Pyeonghwa Park,2025-09-22
156,역사/전통,5·18/광주학생운동,광목간양민학살지(사적15호),Massacred Site of Innocent People between Gwangju and Mokpo (Historical Site No. 15),2025-09-22
157,역사/전통,5·18/광주학생운동,광주공원광장-시민군편성지(사적20호),Gwangju Park Plaza - Civilian Guard Organized Site(Historical Site No. 20),2025-09-22
158,역사/전통,5·18/광주학생운동,광주교도소(사적22호),Korea Correctional Service in Gwangju (Historical Site No. 22),2025-09-22
159,역사/전통,5·18/광주학생운동,광주기독병원(사적10호),Gwangju Christian Hospital(Historical Site No.10),2025-09-22
160,역사/전통,5·18/광주학생운동,광주역광장(사적2호),Gwangju Station Plaza(Historical Site No.2),2025-09-22
161,역사/전통,5·18/광주학생운동,광주학생독립운동기념탑,Gwangju Student Independence Movement Monument,2025-09-22
162,체험/스포츠,유원지,송산근린공원,Songsan Recreation Area,2025-09-22
163,공원,도시근린공원,쌍암공원,Ssangam Park,2025-09-22
164,공원,도시근린공원,금남로공원,Geumnam Park,2025-09-22
165,역사/전통,5·18/광주학생운동,금남로일대(사적4호),Geumnam-ro Area (May 18 Democratic Movement Historical Site No. 4),2025-09-22
166,역사/전통,5·18/광주학생운동,남동성당(사적25호),Nam-dong Catholic Church (Historical Site No. 25),2025-09-22
167,역사/전통,5·18/광주학생운동,녹두서점옛터(사적8호),Old Site of Nokdu Book Store (Historical Site No. 8),2025-09-22
168,예술/문화,문화유산,고운묘 출토유물,Go Un’s Cemetary Relics (excabated) ,2025-09-22
169,예술/문화,문화유산,김덕령장군 의복,General Kim Deok Ryeong's Garments ,2025-09-22
170,예술/문화,문화유산,장흥임씨묘 출토복식,Dressing excabated from Jangheung Lim Clan cemetary,2025-09-22
171,역사/전통,사찰/기독교,무각사,Mugaksa Temple ,2025-09-22
172,자연,자연,백마산,Baekmasan Mountain,2025-09-22
173,자연,자연,백석산,Baekseoksan Mountain,2025-09-22
174,예술/문화,문화유산,광주약사암 석조여래좌상,Gwangju Yaksaam Seokjoyeoraejwasang(seated stone Buddha statue),2025-09-22
175,예술/문화,문화유산,원효사 출토유물,Wonhyosa Temple Relics (excavated) ,2025-09-22
176,자연,자연,복룡산,Bokryongsan Mountain,2025-09-22
177,예술/문화,문화유산,증심사 철조비로자나불좌상,Jeungsimsa Cheoljobirosanabuljwasang(Ironed Buddhist Statue),2025-09-22
178,예술/문화,문화유산,광주 신창동유적,"The Historic Site of Sinchang-dong, Gwangju",2025-09-22
179,예술/문화,문화유산,광주 충효동 도요지,Chunghyo-dong Pottery Kiln Site,2025-09-22
180,예술/문화,문화유산,노인 금계일기,Geumgye-ilgi(diary written by Noh In) ,2025-09-22
181,예술/문화,문화유산,정지장군 환삼,General Jeong Ji’s Armor,2025-09-22
182,체험/스포츠,스포츠/기타,빛고을청소년수련원,Bitgoeul Youth Training Center,2025-09-22
183,거리,이색거리,뽕뽕거리,Ppongppong Street,2025-09-22
184,체험/스포츠,스포츠/기타,서구국민체육센터,Seo-gu National Athletic Center,2025-09-22
185,체험/스포츠,스포츠/기타,빛고을 노인건강타운,Bitgoeul Silver Town,2025-09-22
186,역사/전통,5·18/광주학생운동,구 시외버스공용터미널일대(사적3호),Area of Former Gwangju Bus Terminal (Historical Site No. 3),2025-09-22
187,역사/전통,5·18/광주학생운동,구 전남도청(사적5-1호),Main Building of Former Jeollanam-do Government Office ,2025-09-22
188,역사/전통,5·18/광주학생운동,국립 5·18민주묘지,National 5.18 Democratic Cemetery,2025-09-22
189,역사/전통,5·18/광주학생운동,군사법정,Military Court,2025-09-22
190,역사/전통,5·18/광주학생운동,농성광장격전지(사적16호),Nongseong Plaza Ferocious Battlefield (Historical Site No. 16) ,2025-09-22
191,역사/전통,5·18/광주학생운동,5·18민주광장(사적5-2호),May 18 Democratic Plaza (Historical Site No. 5-2),2025-09-22
192,역사/전통,5·18/광주학생운동,5·18최초발포지-광주고교앞(사적21호),May 18 First Shooting Site - Front of Gwangju high school (Historical Site No. 21),2025-09-22
193,역사/전통,5·18/광주학생운동,505보안부대옛터(사적26호),Old Site of 505 Security Unit (Historical Site No. 26),2025-09-22
194,공원,도시근린공원,광주공원,Gwangju Park,2025-09-22
195,자연,자연,광주천,Gwangju Stream,2025-09-22
196,체험/스포츠,공연장,서구문화센터,Seo-gu Culture Center,2025-09-22
197,체험/스포츠,스포츠/기타,염주체육관,Yeomju Gymnasium ,2025-09-22
198,체험/스포츠,유원지,우치공원,Uchi Park,2025-09-22
199,공원,도시근린공원,운천호수,Uncheon Reservoir,2025-09-22
200,공원,도시근린공원,청풍쉼터,Cheongpungswimteo (park),2025-09-22
201,공원,도시근린공원,푸른길공원,Pureun-gil Park,2025-09-22
202,공원,도시근린공원,풍암생활체육공원,Pungam Athletic Park,2025-09-22
203,역사/전통,사찰/기독교,원각사,Wongaksa Temple,2025-09-22
204,역사/전통,사찰/기독교,원효사,Wonhyosa Temple,2025-09-22
205,자연,자연,짚봉산,Jipbongsan Mountain,2025-09-22
206,역사/전통,5·18/광주학생운동,5·18구묘지(사적24호),May 18 Old Cemetery (Historical Site No. 24),2025-09-22
207,역사/전통,5·18/광주학생운동,5·18기념공원,5.18 Memorial Park,2025-09-22
208,역사/전통,5·18/광주학생운동,5·18자유공원,5.18 Liberty Park,2025-09-22
209,예술/문화,박물관,광주교육대학교 교육박물관,Gwangju National University of Education Museum,2025-09-22
210,예술/문화,미술관,광주시립미술관,Gwangju Museum of Art ,2025-09-22
211,예술/문화,미술관,무등갤러리,Mudeung Gallery,2025-09-22
212,체험/스포츠,공연장,광주예술의전당,Gwangju Culture & Art Center,2025-09-22
213,공원,도시근린공원,풍암호수,Pungam Reservoir,2025-09-22
214,쇼핑,전통시장,남광주시장,Namgwangju Market,2025-09-22
215,예술/문화,전통문화,월봉서원 체험,Wolbongseowon Confucian Academy,2025-09-22
216,예술/문화,박물관,광주역사민속박물관,Gwangju Folk Museum,2025-09-22
217,체험/스포츠,공연장,궁동예술극장,Gungdong Art Theatre,2025-09-22
218,예술/문화,박물관,국립광주박물관,Gwangju National Museum,2025-09-22
219,예술/문화,박물관,전남대학교 박물관,Chonnam National University Museum ,2025-09-22
220,예술/문화,미술관,우제길 미술관,U Jegil Art Gallery(Studio),2025-09-22
221,예술/문화,미술관,의재미술관,Uijae Art Gallery,2025-09-22
222,예술/문화,미술관,하정웅미술관,Gwangju Museum of Art Annex Ha Jeong-ung,2025-09-22
223,예술/문화,미술관,자미갤러리,Jami Gallery,2025-09-22
224,예술/문화,미술관,일곡갤러리,Ilgok Gallery,2025-09-22
225,예술/문화,미술관,오지호기념관,Oh Jiho Memorial Hall,2025-09-22
226,예술/문화,미술관,조선대미술관,Chosun University Art Center,2025-09-22
227,예술/문화,미술관,무등현대미술관,Mudeung Hyundai Art Museum,2025-09-22
228,예술/문화,미술관,신세계갤러리,Shinsegae Gallery,2025-09-22
229,체험/스포츠,공연장,국립아시아문화전당,Asia Culture Center,2025-09-22
230,체험/스포츠,공연장,빛고을국악전수관,Bitgoeul Korea Traditional Classical Music Instruction Hall,2025-09-22
231,체험/스포츠,공연장,빛고을시민문화관,Bitgoeul Citizen Culture Hall,2025-09-22
232,역사/전통,전통가옥/근대건축,양림동역사문화마을,Yangnim-dong Modern History Culture Village,2025-09-22
233,예술/문화,전통문화,빛고을공예창작촌,Daechon Folk Culture Hall,2025-09-22
234,예술/문화,전통문화,무등도요,Mudeung Pottery Site,2025-09-22
235,예술/문화,전통문화,광주도예문화센터,Gwangju Ceramic Culture Center,2025-09-22
236,쇼핑,전통시장,말바우시장,Malbau Market,2025-09-22
237,쇼핑,전통시장,무등시장,Mudeung Market,2025-09-22
238,쇼핑,전통시장,송정5일장,Songjeong Market(five-day interval) ,2025-09-22
239,거리,이색거리,예술의 거리,Gwangju Art Street,2025-09-22
240,거리,음식의 거리,대인시장회타운,Hoetown (Sliced Raw Fish) Street of Daein Market,2025-09-22
241,거리,음식의 거리,아시아음식문화거리,Asian Food Culture Street,2025-09-22
242,거리,이색거리,통기타 라이브 카페거리,Acoustic guitar live cafe street.,2025-09-22
243,자연,자연,무등산 국립공원,Mudeungsan Mountain,2025-09-22
244,공원,도시근린공원,사직공원,Sajik Park,2025-09-22
245,체험/스포츠,스포츠/기타,광주월드컵경기장,Gwangju World Cup Stadium ,2025-09-22
246,공원,도시근린공원,중외공원,Jungoe Park ,2025-09-22
247,거리,음식의 거리,송정떡갈비거리,Songjeong Tteokgalbi like being melted in the mouth * Tteokgalbi: Marinated Beef Ribs,2025-09-22
248,거리,음식의 거리,유동오리탕거리,"Duck Stew, Good for Our Body and Taste ",2025-09-22
249,맛집,한식,어머니의 손맛 광주김치 ,Gwangju Kimchi Keeping the Handy Taste of Mother,2025-09-22
250,거리,음식의 거리,무등산보리밥거리,Mt. Mudeung Boribab (boiled barley) in Search for Natural Taste,2025-09-22
251,예술/문화,전통문화,광주전통문화관,Traditional Culture Center,2025-09-22
252,예술/문화,미술관,한희원미술관,Han Hee-won Museum of Art,2025-09-22
253,자연,자연,용추계곡,Yongchu Valley,2025-09-22
254,공원,도시근린공원,조선대학교 장미원,Chosun University Rose Garden,2025-09-22
255,예술/문화,전통문화,평촌도예공방,Pyeongchon Ceramics Workshop,2025-09-22
256,예술/문화,전통문화,얼쑤,Eolssu,2025-09-22
257,예술/문화,박물관,전남대박물관 공룡전시실,Chonnam National University Dinosaur Museum,2025-09-22
258,체험/스포츠,체험장,기아자동차,Kia Motors,2025-09-22
259,맛집,양식,알랭,Alain,2025-09-22
260,체험/스포츠,체험장,광주 콩종합센터,Gwangju Bean Center ,2025-09-22
261,맛집,한식,홍아네,Hongane,2025-09-22
262,예술/문화,문화유산,충효동 왕버들군,Chunghyo-dong Willow,2025-09-22
263,체험/스포츠,체험장,아시아 문화전당 어린이체험관,Asia Culture Center: Culture Adventure of ACC Children,2025-09-22
264,체험/스포츠,체험장,광주김치타운,Kimchitown,2025-09-22
265,숙박,캠핑장,광주 시민의 숲 야영장,Citizen's Forest Campground ,2025-09-22
266,체험/스포츠,유원지,지산유원지,Jisan Recreation Area,2025-09-22
267,숙박,캠핑장,승촌보 캠핑장,Seungchonbo Campground ,2025-09-22
268,숙박,캠핑장,제 2 수원지 캠핑장,Second Reservoir Campground,2025-09-22
269,숙박,캠핑장,본량 학생야영장,Bonlyang Campsite,2025-09-22
270,숙박,캠핑장,청풍학생야영장,Cheongpung Campsite,2025-09-22
271,공원,도시근린공원,수완호수공원,Suwan Lake Park ,2025-09-22
272,거리,이색거리,금남로,Geumnamno Street,2025-09-22
273,예술/문화,박물관,백범기념관,Kim Koo Museum and Library,2025-09-22
274,예술/문화,미술관,소촌아트팩토리,Sochon Art Factory ,2025-09-22
275,체험/스포츠,공연장,김대중컨벤션센터,Kim Dae-jung Convention Center,2025-09-22
276,자연,자연,광주호 호수생태원,Gwangjuho Lake Eco Park,2025-09-22
277,체험/스포츠,체험장,남도향토음식박물관,Namdo Traditional Food Museum,2025-09-22
278,체험/스포츠,스포츠/기타,광주실내빙상장,Gwangju Indoor Ice Rink,2025-09-22
279,거리,이색거리,충장로,Chungjang-ro ,2025-09-22
280,예술/문화,전통문화,청공소리 한옥체험장,Cheonggongsori Hanok Experience,2025-09-22
281,예술/문화,미술관,양림미술관,Yangrim Art Museum,2025-09-22
282,맛집,한식,낙지마을,Nakji Maeul,2025-09-22
283,맛집,한식,행랑채,Hengnangchae,2025-09-22
284,거리,이색거리,동명동 카페거리,Dongmyeong-dong Cafe Street ,2025-09-22
285,숙박,관광호텔·호스텔,호텔무등파크,Hotel Mudeung Park,2025-09-22
286,숙박,외국인도시민박업,그린게스트하우스,Green Guesthouse,2025-09-22
287,숙박,외국인도시민박업,Pedro guesthouse,Pedro guesthouse,2025-09-22
288,거리,이색거리,양림동 펭귄마을,Yangnim-dong Penguin Village,2025-09-22
289,거리,이색거리,신안동 디카의 거리,Digital Camera Avenue of Sinan,2025-09-22
290,거리,이색거리,청춘발산마을,Cheongchun Balsan Village,2025-09-22
291,거리,이색거리,무등산 카페거리,Mudeungsan Cafe Village ,2025-09-22
292,예술/문화,전통문화,광주향교 체험,Gwangjuhyanggyo Local Confucian School Experience,2025-09-22
293,예술/문화,미술관,광주여성전시관 Herstory ,"Gwangju Women's Exhibition Hall, Herstory ",2025-09-22
294,예술/문화,미술관,은암미술관,Eunam Museum of Art ,2025-09-22
295,역사/전통,미술관,윤상원열사 생가,House of Yoon Sang-won ,2025-09-22
296,역사/전통,사찰/기독교,선교기념비,Mission Monument,2025-09-22
297,예술/문화,선비문화,송호영당,Songhoyeongdang,2025-09-22
298,예술/문화,선비문화,사직단,Sajikdan Altar,2025-09-22
299,역사/전통,5·18/광주학생운동,광주 경찰충혼탑,Gwangju Police Memorial Tower,2025-09-22
300,예술/문화,문화유산,신룡동오층석탑,Five-Story Stone Pagoda in Sinnyong-dong ,2025-09-22
301,역사/전통,5·18/광주학생운동,광주 3.1 만세운동 기념비,Gwangju March 1 Manse Movement Monument,2025-09-22
302,맛집,한식,절기밥상,Ihwajeong,2025-09-22
303,자연,자연,원효계곡,Wonhyo Valley,2025-09-22
304,예술/문화,미술관,국윤미술관,G & Y Museum of Art,2025-09-22
305,거리,이색거리,맥문동숲길,Maengmundong Forest Road,2025-09-22
306,숙박,한옥스테이,오가헌,Ogaheon Hanok Hotel,2025-09-22
307,숙박,템플스테이,증심사 템플스테이,Temple Stay at Jeungsimsa Temple ,2025-09-22
308,예술/문화,전통문화,증심사 템플스테이,Temple Stay at Jeungsimsa Temple ,2025-09-22
309,예술/문화,박물관,비움박물관, Bium Museum,2025-09-22
310,체험/스포츠,스포츠/기타,광주기아챔피언스필드,Gwangju-Kia Champions Field ,2025-09-22
311,체험/스포츠,체험장,국립광주과학관,Gwangju National Science Museum,2025-09-22
312,맛집,양식,어나더키친,Another Kitchen,2025-09-22
313,맛집,양식,마리오셰프,Mario Chef,2025-09-22
314,숙박,관광호텔·호스텔,오아시타호스텔,Oasita Hostel,2025-09-22
315,숙박,템플스테이,무각사 템플스테이,Temple Stay at Mugaksa Temple ,2025-09-22
316,쇼핑,전통시장,대인시장,Daein Market ,2025-09-22
318,예술/문화,박물관,분청사기전시실,Buncheong Ware Exhibition Hall,2025-09-22
319,자연,자연,승촌보 유채꽃밭,Seungchonbo Canola Flower(Yuchae) Garden,2025-09-22
320,예술/문화,박물관,오방 최흥종 기념관,Obang Choi Heung-jong Memorial Hall,2025-09-22
321,예술/문화,박물관,한국미용박물관,Korea Beauty Museum,2025-09-22
322,쇼핑,전통시장,1913 송정역시장,1913 Songjeong Station Market ,2025-09-22
323,체험/스포츠,공연장,광주공연마루,Gwangju Gongyeonmaru,2025-09-22
324,예술/문화,미술관,광주 미디어아트 플랫폼,Gwangju Media Art Platform,2025-09-22
325,맛집,한식,백년미가 유촌점,Baengnyeonmiga,2025-09-22
326,맛집,한식,영빈관,Yeongbingwan,2025-09-22
327,체험/스포츠,공연장,광주남구문화예술회관,Gwangju Nam-gu Culture & Arts Center,2025-09-22
328,체험/스포츠,공연장,문예정터 극단 진달래피네,"Munyejeongteo Small Theater, Jindallaepine",2025-09-22
329,체험/스포츠,공연장,민들레소극장,Mindeulle Small Theater ,2025-09-22
330,맛집,한식,관가,Gwanga,2025-09-22
331,맛집,한식,강촌,Gangchon,2025-09-22
332,거리,이색거리,운림동 미술관거리,Ullim-dong Art Gallery Street,2025-09-22
333,맛집,한식,이씨네푸줏간,Issine Pujutgan,2025-09-22
334,맛집,한식,뜨락,Tteurak,2025-09-22
335,맛집,한식,조선옥,Joseonok,2025-09-22
336,맛집,한식,넓으실,Neolbeusil,2025-09-22
337,맛집,한식,약수한방삼계탕,Yaksu Hanbang Samgyetang,2025-09-22
338,예술/문화,미술관,드영미술관,De Young Art Museum,2025-09-22
339,예술/문화,미술관,이이남 스튜디오,Leeleenam Studio,2025-09-22
340,숙박,외국인도시민박업,호랑가시나무언덕 게스트하우스,Horanggasinamu Hill Guesthouse ,2025-09-22
341,숙박,한옥스테이,서창전통한옥문화체험관,Seochang Hanok Experience Center,2025-09-22
342,코스관광,해설사관광,양림역사문화탐방,Yangnim-dong Trail,2025-09-22
343,체험/스포츠,체험장,IT스퀘어,IT Square,2025-09-22
344,체험/스포츠,스포츠/기타,광주광역시립 산수도서관,Gwangju City Sansu Library,2025-09-22
345,체험/스포츠,스포츠/기타,광주광역시립 사직도서관,Gwangju City Sajik Library,2025-09-22
346,체험/스포츠,스포츠/기타,광주광역시립 무등도서관,Gwangju City Mudeung Library,2025-09-22
347,숙박,캠핑장,패밀리랜드 카라반 캠핑장,Family Land Caravan Camping Site,2025-09-22
348,체험/스포츠,스포츠/기타,광주실내수영장,Gwangju Indoor Swimming Pool,2025-09-22
349,숙박,캠핑장,주노글램핑 인 광주,Juno Glamping in Gwangju,2025-09-22
350,체험/스포츠,스포츠/기타,광주패밀리랜드 눈썰매장,Gwangju Family Land Sled Zone ,2025-09-22
351,체험/스포츠,스포츠/기타,슈퍼몽테마파크(아틀란티스 광주점),Super Mong Theme Park (Atlantis Gwangju),2025-09-22
352,체험/스포츠,체험장,금호평생교육관,Kumho Lifelong Education Center,2025-09-22
353,체험/스포츠,공연장,광산구문화예술회관,Gwangsan-gu Culture & Arts Center,2025-09-22
354,체험/스포츠,공연장,광산구청소년수련관,Gwangsan-gu Youth Training Center,2025-09-22
355,체험/스포츠,공연장,광주학생교육문화회관,Gwangju Education and Culture Center for Students,2025-09-22
356,예술/문화,전통문화,고싸움놀이 테마파크,Gossaum-nori Theme Park ,2025-09-22
357,예술/문화,미술관,광주비엔날레전시관,Gwangju Biennale Pavilion ,2025-09-22
358,체험/스포츠,공연장,광주광역시청소년수련원,Gwangju Youth Training Center,2025-09-22
359,체험/스포츠,공연장,광주시청 야외음악당,Gwangju City Hall Outdoor Music Hall,2025-09-22
360,예술/문화,전통문화,광주광역시 동구문화원,Gwangju Dong-gu Cultural Center,2025-09-22
361,예술/문화,전통문화,광주광산문화원,Gwangju Gwangsan Cultural Center,2025-09-22
362,예술/문화,전통문화,광주광역시 북구문화원,Gwangju Buk-gu Cultural Center,2025-09-22
363,역사/전통,5·18/광주학생운동,4·19민주혁명 역사관,April Revolution History Hall,2025-09-22
364,역사/전통,5·18/광주학생운동,4·19혁명기념관,April Revolution Memorial Hall,2025-09-22
365,예술/문화,전통문화,광주광역시 남구문화원,Gwangju Nam-gu Cultural Center ,2025-09-22
366,예술/문화,전통문화,광주광역시 서구문화원,Gwangju Seo-gu Cultural Center,2025-09-22
367,역사/전통,5·18/광주학생운동,5·18민주화운동기록관,May 18 Democratic Archive,2025-09-22
368,역사/전통,5·18/광주학생운동,전일빌딩245,Jeonil Building 245,2025-09-22
369,예술/문화,문화유산,취병조형유허비,Memorial Stone for Chwibyeong Jo Hyeong,2025-09-22
370,예술/문화,선비문화,경장각,Gyeongjanggak,2025-09-22
371,역사/전통,사찰/기독교,양림동 선교사 묘지,Yangnim-dong Missionary Cemetery,2025-09-22
372,맛집,한식,홍춘이,Hongchuni,2025-09-22
373,맛집,한식,황톳길 ,Hwangtotgil,2025-09-22
374,맛집,한식,효정,Hyojeong,2025-09-22
375,맛집,양식,더셰프,The Chef,2025-09-22
376,맛집,한식,해남성내식당,Haenamseongnaesikdang,2025-09-22
377,맛집,한식,해남식당,Haenamsikdang,2025-09-22
378,체험/스포츠,체험장,5·18자유공원 역사체험,May 18 Jayu (Liberty) Park History Experience,2025-09-22
379,체험/스포츠,체험장,CCTV통합관제센터 VR 영상 체험,CCTV Control Center Children's Video Experience ,2025-09-22
380,체험/스포츠,체험장,무등산 수박마을,Mudeungsan Watermelon Village ,2025-09-22
381,체험/스포츠,체험장,빛고을농촌테마공원,Bitgoeul Farm Theme Park ,2025-09-22
382,체험/스포츠,체험장,시청 어린이 안전체험관,City Hall Safety Experience Hall for Children ,2025-09-22
383,체험/스포츠,체험장,시청자미디어센터,Viewer Media Center,2025-09-22
384,체험/스포츠,체험장,영산강 문화관,Yeongsangang Cultural Center,2025-09-22
385,체험/스포츠,스포츠/기타,광주 송정도서관,Songjeong Library ,2025-09-22
386,체험/스포츠,스포츠/기타,푸른마을 공동체센터, Pureun Village Community Center,2025-09-22
387,맛집,한식,"다르다김밥,주먹밥",Dareuda Gimbap Jumeokbap,2025-09-22
388,맛집,한식,다미정,Damijeong,2025-09-22
389,숙박,외국인도시민박업,조아 게스트 하우스,Joa Guesthouse,2025-09-22
390,숙박,캠핑장,광산구 국민여가친환경 오토캠핑장,Gwangsan-gu Eco-friendly Auto Camping Site for Public Leisure ,2025-09-22
391,자연,자연,너릿재 옛길,Neoritjae Old Road,2025-09-22
392,자연,자연,뒹굴동굴,Dwinggul Cave,2025-09-22
393,쇼핑,전통시장,양동시장,Yangdong Market,2025-09-22
394,체험/스포츠,유원지,상무시민공원 에너지파크,Sangmu Citizens' Park Energy Park,2025-09-22
395,거리,이색거리,박뫼마을,Bangmoe Village,2025-09-22
396,거리,이색거리,송정꼬브랑 동화마을,Songjeong Kkoburang Donghwa Village,2025-09-22
397,거리,이색거리,양림펭귄마을 BTS제이홉 벽화,Yangnim Penguin Village BTS J-Hope Mural,2025-09-22
398,공원,도시근린공원,상무시민공원,Sangmu Citizens' Park,2025-09-22
399,공원,도시근린공원,전평제 근린공원,Jeonpyeongje Neighborhood Park,2025-09-22
400,거리,이색거리,양림동 호랑가시나무길,Yangnim-dong Horanggasinamu-gil,2025-09-22
401,공원,도시근린공원,너릿재공원,Neoritjae Park,2025-09-22
402,공원,도시근린공원,푸른길분수공원,Pureungil Bunsu Park,2025-09-22
403,자연,자연,운천저수지,Uncheon Reservoir,2025-09-22
404,거리,이색거리,양림동 펭귄마을공예거리,Yangnim-dong Penguin Village Craft Street,2025-09-22
405,맛집,한식,대광식당,Daegwangsikdang,2025-09-22
406,맛집,한식,돌담게장백반,Doldam Gejangbaekban,2025-09-22
407,맛집,한식,미소랑 ,Misorang,2025-09-22
408,맛집,한식,민들레,Mindeulle,2025-09-22
409,맛집,한식,별채 ,Byeolchae,2025-09-22
410,맛집,한식,복순이네,Boksunine,2025-09-22
411,맛집,한식,서울곱창,Seoul Gopchang,2025-09-22
412,맛집,한식,서울장수국수,Seoul Jangsuguksu,2025-09-22
413,맛집,한식,석암돌솥밥,Seogamdolsotbap,2025-09-22
414,맛집,한식,성내식당,Seongnaesikdang,2025-09-22
415,맛집,한식,맘스쿡,Mom's Cook,2025-09-22
416,맛집,한식,매월 흑염소가든,Maewol Heugyeomso Garden ,2025-09-22
417,맛집,한식,명화식육식당,Myeonghwasigyuksikdang,2025-09-22
418,맛집,한식,송하회관,Songhahoegwan,2025-09-22
419,맛집,한식,수궁 ,Sugung,2025-09-22
420,맛집,한식,쌍학 ,Ssanghak ,2025-09-22
421,맛집,한식,아리랑하우스,Arirang House,2025-09-22
422,맛집,한식,양산대박 상추튀김,Yangsandaebak Sangchutwigim,2025-09-22
423,맛집,한식,여간 좋은날,Yeogan Joeunnal,2025-09-22
424,맛집,한식,예지원,Yejiwon,2025-09-22
425,맛집,한식,예향계절한정식,Yehyanggyejeolhanjeongsik,2025-09-22
426,맛집,한식,옥과한우촌 상무점,Okgwahanuchon,2025-09-22
427,맛집,한식,유진정,Yujinjeong,2025-09-22
428,맛집,한식,육전명가,Yukjeonmyeongga,2025-09-22
429,맛집,한식,윤영식당 ,Yunyeongsikdang,2025-09-22
430,맛집,한식,은성김밥,Eunseonggimbap,2025-09-22
431,맛집,한식,이태백,Itaebaek,2025-09-22
432,맛집,한식,이화점 ,Ihwajeom,2025-09-22
433,맛집,한식,정애네집 ,Jeongaenejip,2025-09-22
434,맛집,한식,참뫼 ,Chammoe,2025-09-22
435,맛집,한식,칠우불고기,Chirubulgogi,2025-09-22
436,맛집,한식,케이투,Keitu,2025-09-22
437,맛집,한식,한백년식당,Hanbaengnyeonsikdang,2025-09-22
438,맛집,한식,한옥식당 ,Hanoksikdang,2025-09-22
439,맛집,한식,한우사랑,Hanusarang,2025-09-22
440,맛집,한식,현완단겸 상추튀김,Hyeonwandangyeom Sangchutwigim,2025-09-22
441,맛집,한식,현주네이야기,Hyeonjune Iyagi,2025-09-22
442,맛집,일식,긴자상회,Ginjasanghoe,2025-09-22
443,맛집,기타,베토벤음악감상실 ,Beethoven Eumakgamsangsil,2025-09-22
444,맛집,기타,윤슬베이커리 ,Yun Seul Bakery,2025-09-22
445,맛집,기타,윤회매문화관,Yunhoemaemunhwagwan,2025-09-22
446,맛집,기타,제이콥하우스 ,Jacob House,2025-09-22
447,맛집,기타,지음책방,Jieumchaekbang,2025-09-22
448,코스관광,해설사관광,"광주폴리 Ⅰ,Ⅱ",Gwangju Folly I & II,2025-09-22
449,맛집,기타,춘설빵,Chunseolppang,2025-09-22
450,맛집,한식,100족발본점,100 Jokbal Main Branch,2025-09-22
451,맛집,한식,강의리추어탕,Ganguiri Chueotang,2025-09-22
452,맛집,한식,계절따라 ,Gyejeolttara,2025-09-22
453,맛집,한식,광후장어,Gwanghujangeo,2025-09-22
454,맛집,한식,국현옥궁중팥죽,Gukhyeonokgungjungpatjuk,2025-09-22
455,맛집,한식,꽃담,Kkotdam,2025-09-22
456,맛집,한식,남가정,Namgajeong,2025-09-22
457,숙박,외국인도시민박업,Pedro's house 2,Pedro's house 2,2025-09-22
458,숙박,외국인도시민박업,다솜채,Dasomchae,2025-09-22
459,숙박,한옥스테이,다솜채,Dasomchae,2025-09-22
460,맛집,양식,테리킴 ,Terry Kim,2025-09-22
461,숙박,한옥스테이,식목일 스테이,Sikmok-il Hanok Stay ,2025-09-22
462,숙박,한옥스테이,유유한,Yuyuhan,2025-09-22
463,맛집,양식,테스팅노트,Tasting Note,2025-09-22
464,맛집,양식,트루-진심을담다,True - Jinsimeuldamda,2025-09-22
465,맛집,양식,파인트리,Pinetree,2025-09-22
466,맛집,일식,오카츠,Okatsu,2025-09-22
467,맛집,일식,해동활어,Haedonghwareo,2025-09-22
468,맛집,중식,마천루,Macheollu,2025-09-22
469,맛집,중식,영안반점,Yeonganbanjeom,2025-09-22
470,맛집,기타,공오일팔 ,Gongoilpal,2025-09-22
471,거리,음식의 거리,동곡동 꽃게장 백반거리,Donggok-dong Kkotgejang Baekban Street,2025-09-22
472,쇼핑,전통시장,광주각화농산물도매시장,Gwangju Gakha Farmers' Wholesale Market,2025-09-22
473,숙박,관광호텔·호스텔,ACC DESIGN HOTEL,ACC DESIGN HOTEL,2025-09-22
474,숙박,관광호텔·호스텔,CS 호텔,CS Hotel,2025-09-22
475,숙박,관광호텔·호스텔,광주관광호텔,Gwangju Tourist Hotel ,2025-09-22
476,숙박,관광호텔·호스텔,호텔프랑스,Hotel France ,2025-09-22
477,숙박,관광호텔·호스텔,H1 Hotel (에이치원호텔),H1 Hotel,2025-09-22
478,숙박,관광호텔·호스텔,홀리데이 인 광주호텔,Holiday Inn Gwangju,2025-09-22
479,숙박,외국인도시민박업,산월게스트하우스,Sanwol Guesthouse,2025-09-22
480,숙박,한옥스테이,여로,Yeoro,2025-09-22
481,숙박,관광호텔·호스텔,Culture Hotel Laam(컬처호텔 람),Culture Hotel LAAM,2025-09-22
482,숙박,외국인도시민박업,윔즈홈,wimzhome,2025-09-22
483,숙박,외국인도시민박업,발산하우스,Balsan House,2025-09-22
484,숙박,외국인도시민박업,스테이702,Stay 702,2025-09-22
485,숙박,외국인도시민박업,달이하우스,Dal2 House,2025-09-22
486,숙박,외국인도시민박업,푸른동산,Blue Garden,2025-09-22
487,숙박,외국인도시민박업,아리네 게스트하우스,Ariene Guesthouse,2025-09-22
